    ROW ID,SHOW ID,SHOW,Status,PRODUCTION TYPE,OPENING  DATE,CLOSING  DATE,# of  PERFORMANCES,PRODUCTION NOTES,PERSON ID,LAST NAME,FIRST NAME,Lifespan if deceased,Role,Person Start Date,Person End Date,PREFIX,WEBSITE,INTERNET BROADWAY DATABASE,LINK TO PHOTO,Photo Credit,PERSON FUN FACTS
    1,S0001,1776,Closed,Revival,8/14/1997,6/14/1998,333,,P0092,Torre,Maggie,,Assistant Conductor,1/1/1997,,,,https://www.ibdb.com/broadway-cast-staff/maggie-torre-105364,,,
2,S0002,1776,Closed,Revival,10/6/2022,1/8/2023,105,,P0091,Thompson,Alyssa Kay,,Associate Music Director,,,,https://www.alyssakthompson.com/,https://www.ibdb.com/broadway-cast-staff/alyssa-kay-thompson-535581,https://flerlageapps.com/Women-Conductors/P0091.jpg,,
3,S0002,1776,Closed,Revival,10/6/2022,1/8/2023,105,,P0091,Thompson,Alyssa Kay,,Alternate Conductor,,,,https://www.alyssakthompson.com/,https://www.ibdb.com/broadway-cast-staff/alyssa-kay-thompson-535581,https://flerlageapps.com/Women-Conductors/P0091.jpg,,
4,S0003,& Juliet,Running,Original,11/17/2022,,1269,,P0008,Bennett,Haley,,Associate Music Director / Associate Conductor,,,,,https://www.ibdb.com/broadway-cast-staff/haley-bennett-516909,https://flerlageapps.com/Women-Conductors/P0008.jpg,Photo by Gareth Keegan,
5,S0003,& Juliet,Running,Original,11/17/2022,,1269,,P0008,Bennett,Haley,,Music Director / Conductor,10/24/2023,,,,https://www.ibdb.com/broadway-cast-staff/haley-bennett-516909,https://flerlageapps.com/Women-Conductors/P0008.jpg,Photo by Gareth Keegan,
6,S0004,"70, Girls, 70",Closed,Original,4/15/1971,5/15/1971,35,,P0048,Gustafson,Karen,,Associate Music Director,,,,,https://www.ibdb.com/broadway-cast-staff/karen-gustafson-90439,https://flerlageapps.com/Women-Conductors/P0048.jpg,Karen Gustafson (left) and Dorothea Freitag (right),"Broadway's first female pit pianist (The Vamp, 1955)"
7,S0005,9 to 5,Closed,Original,4/30/2009,9/6/2009,148,,P0068,Moore,Jodie,,Assistant Conductor,,,,,https://www.ibdb.com/broadway-cast-staff/jodie-moore-483753,https://flerlageapps.com/Women-Conductors/P0068.jpg,,
8,S0006,A Catered Affair,Closed,Original,4/17/2008,7/27/2008,116,,P0100,Will,Ethyl,,Associate Conductor,,,,,https://www.ibdb.com/broadway-cast-staff/ethyl-will-71588,https://flerlageapps.com/Women-Conductors/P0100.jpg,,Ethyl Will has been conducting the Radio City Christmas Spectacular since 2010. She was the first (and so far the only) woman to conduct the Radio City orchestra.
9,S0007,A Chorus Line,Closed,Original,7/25/1975,4/28/1990,6137,,P0042,Glazener Roma,Janet,,Alternate Conductor,1/1/1982,,,,https://www.ibdb.com/broadway-cast-staff/janet-glazener-87303,https://flerlageapps.com/Women-Conductors/P0042.jpg,,
10,S0007,A Chorus Line,Closed,Original,7/25/1975,4/28/1990,6137,,P0061,Liebergall,Fran,,Music Supervisor,1/1/1982,,,,https://www.ibdb.com/broadway-cast-staff/fran-liebergall-89480,https://flerlageapps.com/Women-Conductors/P0061.jpg,,Worked as Marvin Hamlisch's assistant for many years
11,S0007,A Chorus Line,Closed,Original,7/25/1975,4/28/1990,6137,,P0079,Segovia,Yolanda,,Conductor,1/1/1985,,,,https://www.ibdb.com/broadway-cast-staff/yolanda-segovia-77475,https://flerlageapps.com/Women-Conductors/P0079.jpg,,
12,S0008,A Chorus Line,Closed,Revival,10/5/2006,8/17/2008,759,,P0092,Torre,Maggie,,Assistant Conductor,,,,,https://www.ibdb.com/broadway-cast-staff/maggie-torre-105364,,,
13,S0009,A Christmas Story: The Musical,Closed,Original,11/19/2012,12/30/2012,51,,P0058,Westphal,Cynthia Kortman,,Associate Music Director / Associate Conductor,,,,,https://www.ibdb.com/broadway-cast-staff/cynthia-kortman-westphal-493768,https://flerlageapps.com/Women-Conductors/P0058.jpg,,
14,S0010,A Little Night Music,Closed,Revival,12/13/2009,1/9/2011,425,,P0051,Humphris,Caroline,,Music Supervisor,,,,https://www.carolinehumphris.com/,https://www.ibdb.com/broadway-cast-staff/caroline-humphris-472079,https://flerlageapps.com/Women-Conductors/P0051.jpg,,
15,S0011,A Strange Loop,Closed,Original,4/26/2022,1/15/2023,293,,P0017,Bruce,Rebekah,,Substitute Conductor,,,,,https://www.ibdb.com/broadway-cast-staff/rebekah-bruce-parker-524338,https://flerlageapps.com/Women-Conductors/P0017.jpg,,
16,S0011,A Strange Loop,Closed,Original,4/26/2022,1/15/2023,293,,P0083,Siddiqui,Rona,,Music Supervisor,,,,https://ronasiddiqui.com/,https://www.ibdb.com/broadway-cast-staff/rona-siddiqui-533385,https://flerlageapps.com/Women-Conductors/P0083.jpg,Photo by Michael Kushner Photography,
17,S0011,A Strange Loop,Closed,Original,4/26/2022,1/15/2023,293,,P0083,Siddiqui,Rona,,Music Director / Conductor,,,,https://ronasiddiqui.com/,https://www.ibdb.com/broadway-cast-staff/rona-siddiqui-533385,https://flerlageapps.com/Women-Conductors/P0083.jpg,Photo by Michael Kushner Photography,
18,S0012,A Time for Singing,Closed,Original,5/21/1966,6/25/1966,41,,P0015,Brown,Joyce,1920-2015,Assistant Conductor,,,Dr.,,https://www.ibdb.com/broadway-cast-staff/joyce-brown-79156,https://flerlageapps.com/Women-Conductors/P0015.jpg,,"Broadway's first Black female conductor (Golden Boy, replacement circa 1965)
Broadway's first Black female conductor to open a show (Purlie, 1970)"
19,S0013,A Year With Frog and Toad,Closed,Original,4/2/2003,6/15/2003,73,,P0094,Twine,Linda,,Music Director / Conductor,,,,,https://www.ibdb.com/broadway-cast-staff/linda-twine-76696,https://flerlageapps.com/Women-Conductors/P0094.jpg,,
20,S0014,Aida,Closed,Original,3/23/2000,9/5/2004,1852,,P0070,Puricelli,Denise,,Alternate Conductor,1/1/2001,,,,https://www.ibdb.com/broadway-cast-staff/denise-puricelli-478954,https://flerlageapps.com/Women-Conductors/P0070.jpg,,
21,S0014,Aida,Closed,Original,3/23/2000,9/5/2004,1852,,P0079,Segovia,Yolanda,,Conductor,1/1/2001,,,,https://www.ibdb.com/broadway-cast-staff/yolanda-segovia-77475,https://flerlageapps.com/Women-Conductors/P0079.jpg,,
22,S0015,Aladdin,Running,Original,3/20/2014,,4221,,P0036,duChateau,Annbritt,,Assistant Music Director / Assistant Conductor,3/20/2014,5/31/2014,,https://www.annbrittduchateau.com/,https://www.ibdb.com/broadway-cast-staff/annbritt-duchateau-112939,https://flerlageapps.com/Women-Conductors/P0036.jpg,,
23,S0015,Aladdin,Running,Original,3/20/2014,,4221,,P0036,duChateau,Annbritt,,Co-Associate Music Director / Associate Conductor,6/1/2014,3/21/2018,,https://www.annbrittduchateau.com/,https://www.ibdb.com/broadway-cast-staff/annbritt-duchateau-112939,https://flerlageapps.com/Women-Conductors/P0036.jpg,,
24,S0015,Aladdin,Running,Original,3/20/2014,,4221,,P0036,duChateau,Annbritt,,Co-Associate Music Director / Associate Conductor,6/1/2023,8/11/2024,,https://www.annbrittduchateau.com/,https://www.ibdb.com/broadway-cast-staff/annbritt-duchateau-112939,https://flerlageapps.com/Women-Conductors/P0036.jpg,,
25,S0015,Aladdin,Running,Original,3/20/2014,,4221,,P0036,duChateau,Annbritt,,Associate Music Supervisor,1/1/2019,,,https://www.annbrittduchateau.com/,https://www.ibdb.com/broadway-cast-staff/annbritt-duchateau-112939,https://flerlageapps.com/Women-Conductors/P0036.jpg,,
26,S0016,Allegiance,Closed,Original,11/8/2015,2/14/2016,111,,P0010,Bergquist,Laura,,Music Director / Conductor,,,,https://www.laurabergquist.com/,https://www.ibdb.com/broadway-cast-staff/laura-bergquist-501188,https://flerlageapps.com/Women-Conductors/P0010.jpg,,
27,S0016,Allegiance,Closed,Original,11/8/2015,2/14/2016,111,,P0080,Shankel,Lynne,,Music Supervisor,,,,https://www.lynneshankel.com/,https://www.ibdb.com/broadway-cast-staff/lynne-shankel-390754,https://flerlageapps.com/Women-Conductors/P0080.jpg,,
28,S0017,"Amahl and the Night Visitors / Help, Help, the Globolinks!",Closed,Original,12/23/1970,1/9/1971,20,,P0086,Somogi,Judith,1937-1988,Assistant Conductor,,,,,https://www.ibdb.com/broadway-cast-staff/judith-somogi-530684,https://flerlageapps.com/Women-Conductors/P0086.jpg,,NYC Opera's first female conductor (1974)
29,S0018,Amazing Grace,Closed,Original,7/16/2015,10/25/2015,116,,P0066,McBride,Julie,,Associate Conductor,,,,,https://www.ibdb.com/broadway-cast-staff/julie-mcbride-501316,https://flerlageapps.com/Women-Conductors/P0066.jpg,,
30,S0019,Amélie,Closed,Original,4/3/2017,5/21/2017,56,,P0046,Grigsby,Kimberly,,Music Director / Conductor,,,,,https://www.ibdb.com/broadway-cast-staff/kimberly-grigsby-69861,https://flerlageapps.com/Women-Conductors/P0046.jpg,,
31,S0020,Amen Corner,Closed,Original,11/10/1983,12/4/1983,28,,P0050,Harris,Margaret Rosezarian,1943-2000,Music Director,,,,,https://www.ibdb.com/broadway-cast-staff/margaret-harris-83165,https://flerlageapps.com/Women-Conductors/P0050.jpg,,
32,S0021,American Idiot,Closed,Original,4/20/2010,4/24/2011,422,,P0029,Dean,Carmel,,Music Director / Conductor,,,,https://carmeldean.com/,https://www.ibdb.com/broadway-cast-staff/carmel-dean-394061,https://flerlageapps.com/Women-Conductors/P0029.jpg,,
33,S0021,American Idiot,Closed,Original,4/20/2010,4/24/2011,422,,P0068,Moore,Jodie,,Associate Conductor,1/1/2011,,,,https://www.ibdb.com/broadway-cast-staff/jodie-moore-483753,https://flerlageapps.com/Women-Conductors/P0068.jpg,,
34,S0022,Annie,Closed,Revival,3/26/1997,10/19/1997,239,,P0004,Anschutz,Sue,,Music Director / Conductor,1/1/1997,,,,https://www.ibdb.com/broadway-cast-staff/sue-anschutz-109379,https://flerlageapps.com/Women-Conductors/P0004.jpg,Photo by Deborah Abramson,
35,S0022,Annie,Closed,Revival,3/26/1997,10/19/1997,239,,P0082,Shuttlesworth,Anne,,Associate Conductor,,,,,https://www.ibdb.com/broadway-cast-staff/anne-shuttlesworth-82635,https://flerlageapps.com/Women-Conductors/P0082.jpg,,
36,S0023,Annie,Closed,Revival,11/8/2012,1/5/2014,487,,P0092,Torre,Maggie,,Assistant Conductor,,,,,https://www.ibdb.com/broadway-cast-staff/maggie-torre-105364,,,
37,S0024,Annie Get Your Gun,Closed,Revival,3/4/1999,9/1/2001,1045,,P0074,Rosen,Cherie,,Assistant Conductor,1/1/2001,,,,https://www.ibdb.com/broadway-cast-staff/cherie-rosen-82812,https://flerlageapps.com/Women-Conductors/P0074.jpg,,
38,S0025,Back to the Future,Closed,Original,8/3/2023,1/5/2025,597,,P0067,Meng,Cynthia,,Assistant Conductor,,,,https://www.cynthiameng.com/,https://www.ibdb.com/broadway-cast-staff/cynthia-meng-527175,https://flerlageapps.com/Women-Conductors/P0067.jpg,,
39,S0026,Bad Cinderella,Closed,Original,3/23/2023,6/4/2023,85,,P0011,Blodgette,Kristen,,Music Supervisor,,,,,https://www.ibdb.com/broadway-cast-staff/kristen-blodgette-95014,https://flerlageapps.com/Women-Conductors/P0011.jpg,,
40,S0026,Bad Cinderella,Closed,Original,3/23/2023,6/4/2023,85,,P0011,Blodgette,Kristen,,Music Director / Conductor,,,,,https://www.ibdb.com/broadway-cast-staff/kristen-blodgette-95014,https://flerlageapps.com/Women-Conductors/P0011.jpg,,
41,S0027,Be More Chill,Closed,Original,3/10/2019,8/11/2019,177,,P0063,Marshall,Emily,,Music Director / Conductor,,,,https://www.emilymarshallmusic.com/,https://www.ibdb.com/broadway-cast-staff/emily-marshall-505368,https://flerlageapps.com/Women-Conductors/P0063.jpg,,
42,S0028,Beauty and the Beast,Closed,Original,4/18/1994,7/29/2007,5462,,P0037,Duran,Amy,,Assistant Conductor,1/1/2000,,,,https://www.ibdb.com/broadway-cast-staff/amy-duran-517134,https://flerlageapps.com/Women-Conductors/P0037.jpg,,
43,S0028,Beauty and the Beast,Closed,Original,4/18/1994,7/29/2007,5462,,P0080,Shankel,Lynne,,Assistant Conductor,1/1/1999,12/31/2000,,https://www.lynneshankel.com/,https://www.ibdb.com/broadway-cast-staff/lynne-shankel-390754,https://flerlageapps.com/Women-Conductors/P0080.jpg,,
44,S0028,Beauty and the Beast,Closed,Original,4/18/1994,7/29/2007,5462,,P0085,Sommer,Kathy,,Associate Conductor,,,,https://www.kathysommer.com/,https://www.ibdb.com/broadway-cast-staff/kathy-sommer-83563,https://flerlageapps.com/Women-Conductors/P0085.jpg,Photo by Abi Hodes,
45,S0029,Big Fish,Closed,Original,10/6/2013,12/29/2013,98,,P0020,Campbell,Mary-Mitchell,,Music Director / Conductor,,,,https://www.marymitchellcampbell.com/,https://www.ibdb.com/broadway-cast-staff/mary-mitchell-campbell-423557,https://flerlageapps.com/Women-Conductors/P0020.jpg,,
46,S0030,Big River,Closed,Original,4/25/1985,9/20/1987,1005,,P0094,Twine,Linda,,Music Director / Conductor,,,,,https://www.ibdb.com/broadway-cast-staff/linda-twine-76696,https://flerlageapps.com/Women-Conductors/P0094.jpg,,
47,S0031,Billy Elliot,Closed,Original,11/13/2008,1/8/2012,1312,,P0036,duChateau,Annbritt,,Associate Conductor,1/1/2010,1/8/2012,,https://www.annbrittduchateau.com/,https://www.ibdb.com/broadway-cast-staff/annbritt-duchateau-112939,https://flerlageapps.com/Women-Conductors/P0036.jpg,,
48,S0032,Bombay Dreams,Closed,Original,4/29/2004,1/1/2005,284,,P0041,Gerschefski,Ann,,Alternate Conductor,,,,,https://www.ibdb.com/broadway-cast-staff/ann-gerschefski-393208,https://flerlageapps.com/Women-Conductors/P0041.jpg,,
49,S0033,Bring Back Birdie,Closed,Original,3/5/1981,3/7/1981,4,,P0094,Twine,Linda,,Assistant Conductor,,,,,https://www.ibdb.com/broadway-cast-staff/linda-twine-76696,https://flerlageapps.com/Women-Conductors/P0094.jpg,,
50,S0034,Broadway Follies,Closed,Original,3/15/1981,3/15/1981,1,,P0079,Segovia,Yolanda,,Assistant Conductor,,,,,https://www.ibdb.com/broadway-cast-staff/yolanda-segovia-77475,https://flerlageapps.com/Women-Conductors/P0079.jpg,,
51,S0035,Cabaret,Closed,Revival,3/19/1998,1/4/2004,2377,,P0092,Torre,Maggie,,Substitute Conductor,1/1/2000,,,,https://www.ibdb.com/broadway-cast-staff/maggie-torre-105364,,,
52,S0035,Cabaret,Closed,Revival,3/19/1998,1/4/2004,2377,,P0092,Torre,Maggie,,Associate Conductor,1/1/2001,12/31/2002,,,https://www.ibdb.com/broadway-cast-staff/maggie-torre-105364,,,
53,S0035,Cabaret,Closed,Revival,3/19/1998,1/4/2004,2377,,P0092,Torre,Maggie,,Conductor,1/1/2003,,,,https://www.ibdb.com/broadway-cast-staff/maggie-torre-105364,,,
54,S0036,Cabaret,Closed,Revival,4/24/2014,3/29/2015,388,,P0092,Torre,Maggie,,Associate Conductor,,,,,https://www.ibdb.com/broadway-cast-staff/maggie-torre-105364,,,
55,S0037,Cabaret at the Kit Kat Club,Closed,Revival,4/21/2024,9/21/2025,592,,P0078,Scolpini,Anessa Marie,,Associate Music Director / Associate Conductor,1/1/2024,,,https://www.anessamarie.com/,https://www.ibdb.com/broadway-cast-staff/anessa-marie-scolpini-542352,https://flerlageapps.com/Women-Conductors/P0078.jpg,,
56,S0037,Cabaret at the Kit Kat Club,Closed,Revival,4/21/2024,9/21/2025,592,,P0098,Whyte,Jennifer,,Music Supervisor,,,,https://www.jenniferwhyte.co.uk/,https://www.ibdb.com/broadway-cast-staff/jennifer-whyte-538281,https://flerlageapps.com/Women-Conductors/P0098.jpg,,
57,S0037,Cabaret at the Kit Kat Club,Closed,Revival,4/21/2024,9/21/2025,592,,P0098,Whyte,Jennifer,,Music Director / Conductor,,,,https://www.jenniferwhyte.co.uk/,https://www.ibdb.com/broadway-cast-staff/jennifer-whyte-538281,https://flerlageapps.com/Women-Conductors/P0098.jpg,,
58,S0037,Cabaret at the Kit Kat Club,Closed,Revival,4/21/2024,9/21/2025,592,,P0103,Zervoulis Bate,Meg,,Associate Music Director,,,,https://www.megzmusic.com/,https://www.ibdb.com/broadway-cast-staff/meg-zervoulis-518150,https://flerlageapps.com/Women-Conductors/P0103.jpg,Photo by Priyanca Rao,
59,S0037,Cabaret at the Kit Kat Club,Closed,Revival,4/21/2024,9/21/2025,592,,P0103,Zervoulis Bate,Meg,,Music Director / Conductor,1/1/2024,,,https://www.megzmusic.com/,https://www.ibdb.com/broadway-cast-staff/meg-zervoulis-518150,https://flerlageapps.com/Women-Conductors/P0103.jpg,Photo by Priyanca Rao,
60,S0038,Camelot,Closed,Revival,4/13/2023,7/23/2023,116,,P0046,Grigsby,Kimberly,,Music Director / Conductor,,,,,https://www.ibdb.com/broadway-cast-staff/kimberly-grigsby-69861,https://flerlageapps.com/Women-Conductors/P0046.jpg,,
61,S0039,Candide,Closed,Revival,4/29/1997,7/27/1997,104,,P0004,Anschutz,Sue,,Assistant Conductor,,,,,https://www.ibdb.com/broadway-cast-staff/sue-anschutz-109379,https://flerlageapps.com/Women-Conductors/P0004.jpg,Photo by Deborah Abramson,
62,S0040,"Caroline, or Change",Closed,Original,5/2/2004,8/29/2004,136,,P0046,Grigsby,Kimberly,,Music Supervisor,,,,,https://www.ibdb.com/broadway-cast-staff/kimberly-grigsby-69861,https://flerlageapps.com/Women-Conductors/P0046.jpg,,
63,S0040,"Caroline, or Change",Closed,Original,5/2/2004,8/29/2004,136,,P0046,Grigsby,Kimberly,,Conductor,1/1/2004,,,,https://www.ibdb.com/broadway-cast-staff/kimberly-grigsby-69861,https://flerlageapps.com/Women-Conductors/P0046.jpg,,
64,S0040,"Caroline, or Change",Closed,Original,5/2/2004,8/29/2004,136,,P0094,Twine,Linda,,Music Director / Conductor,,,,,https://www.ibdb.com/broadway-cast-staff/linda-twine-76696,https://flerlageapps.com/Women-Conductors/P0094.jpg,,
65,S0041,"Caroline, or Change",Closed,Revival,10/27/2021,1/9/2022,85,,P0095,Victory,Annastasia,,Associate Music Director / Associate Conductor,,,,https://www.annastasiavictory.com/,https://www.ibdb.com/broadway-cast-staff/annastasia-victory-532731,https://flerlageapps.com/Women-Conductors/P0095.jpg,,
66,S0042,Cats,Closed,Original,10/7/1982,9/10/2000,7485,,P0003,Anderson,Sue,,Music Director / Conductor,1/1/1990,,,,https://www.ibdb.com/broadway-cast-staff/sue-anderson-87305,https://flerlageapps.com/Women-Conductors/P0003.jpg,,
67,S0042,Cats,Closed,Original,10/7/1982,9/10/2000,7485,,P0006,Aycock (Goldbaum),Janet,,Associate Conductor,4/1/1995,7/31/1995,,,https://www.ibdb.com/broadway-cast-staff/janet-aycock-82736,https://flerlageapps.com/Women-Conductors/P0006.jpg,,
68,S0042,Cats,Closed,Original,10/7/1982,9/10/2000,7485,,P0011,Blodgette,Kristen,,Associate Music Supervisor,1/1/1994,,,,https://www.ibdb.com/broadway-cast-staff/kristen-blodgette-95014,https://flerlageapps.com/Women-Conductors/P0011.jpg,,
69,S0042,Cats,Closed,Original,10/7/1982,9/10/2000,7485,,P0085,Sommer,Kathy,,Alternate Conductor,1/1/1989,,,https://www.kathysommer.com/,https://www.ibdb.com/broadway-cast-staff/kathy-sommer-83563,https://flerlageapps.com/Women-Conductors/P0085.jpg,Photo by Abi Hodes,
70,S0043,Cats,Closed,Revival,7/31/2016,12/30/2017,593,,P0011,Blodgette,Kristen,,Music Supervisor,,,,,https://www.ibdb.com/broadway-cast-staff/kristen-blodgette-95014,https://flerlageapps.com/Women-Conductors/P0011.jpg,,
71,S0043,Cats,Closed,Revival,7/31/2016,12/30/2017,593,,P0011,Blodgette,Kristen,,Music Director / Conductor,,,,,https://www.ibdb.com/broadway-cast-staff/kristen-blodgette-95014,https://flerlageapps.com/Women-Conductors/P0011.jpg,,
72,S0044,Charlie and Algernon,Closed,Original,9/4/1980,9/28/1980,17,,P0071,Redfield,Liza,1924-2018,Music Director / Conductor,,,,,https://www.ibdb.com/broadway-cast-staff/liza-redfield-83043,https://flerlageapps.com/Women-Conductors/P0071.jpg,,"Broadway's first full time female conductor (The Music Man, replacement 1960)"
73,S0045,Charlie and the Chocolate Factory,Closed,Original,4/23/2017,1/14/2018,305,,P0004,Anschutz,Sue,,Assistant Conductor,1/1/2017,,,,https://www.ibdb.com/broadway-cast-staff/sue-anschutz-109379,https://flerlageapps.com/Women-Conductors/P0004.jpg,Photo by Deborah Abramson,
74,S0046,Chicago,Closed,Original,6/3/1975,8/27/1977,936,,P0021,Campbell,Sande,1937-2024,Associate Conductor,,,,,https://www.ibdb.com/broadway-cast-staff/sande-campbell-84933,https://flerlageapps.com/Women-Conductors/P0021.jpg,,
75,S0047,Chicago,Running,Revival,11/14/1996,,11433,,P0004,Anschutz,Sue,,Assistant Conductor,1/1/2020,,,,https://www.ibdb.com/broadway-cast-staff/sue-anschutz-109379,https://flerlageapps.com/Women-Conductors/P0004.jpg,Photo by Deborah Abramson,
76,S0047,Chicago,Running,Revival,11/14/1996,,11433,,P0036,duChateau,Annbritt,,Alternate Conductor,1/1/2005,11/8/2006,,https://www.annbrittduchateau.com/,https://www.ibdb.com/broadway-cast-staff/annbritt-duchateau-112939,https://flerlageapps.com/Women-Conductors/P0036.jpg,,
77,S0047,Chicago,Running,Revival,11/14/1996,,11433,,P0087,Stifelman,Leslie,,Assistant Conductor,1/1/2001,11/22/2003,,https://www.lesliestifelman.com/,https://www.ibdb.com/broadway-cast-staff/leslie-stifelman-391275,https://flerlageapps.com/Women-Conductors/P0087.jpg,,
78,S0047,Chicago,Running,Revival,11/14/1996,,11433,,P0087,Stifelman,Leslie,,Music Director / Conductor,1/1/2004,12/31/2018,,https://www.lesliestifelman.com/,https://www.ibdb.com/broadway-cast-staff/leslie-stifelman-391275,https://flerlageapps.com/Women-Conductors/P0087.jpg,,
79,S0048,Chitty Chitty Bang Bang,Closed,Original,4/28/2005,12/31/2005,285,,P0011,Blodgette,Kristen,,Music Director / Conductor,,,,,https://www.ibdb.com/broadway-cast-staff/kristen-blodgette-95014,https://flerlageapps.com/Women-Conductors/P0011.jpg,,
80,S0049,City of Angels,Closed,Original,12/11/1989,1/19/1992,879,,P0085,Sommer,Kathy,,Associate Conductor,,,,https://www.kathysommer.com/,https://www.ibdb.com/broadway-cast-staff/kathy-sommer-83563,https://flerlageapps.com/Women-Conductors/P0085.jpg,Photo by Abi Hodes,
81,S0050,Come From Away,Closed,Original,3/12/2017,10/2/2022,1669,,P0008,Bennett,Haley,,Substitute Conductor,1/1/2018,,,,https://www.ibdb.com/broadway-cast-staff/haley-bennett-516909,https://flerlageapps.com/Women-Conductors/P0008.jpg,Photo by Gareth Keegan,
82,S0050,Come From Away,Closed,Original,3/12/2017,10/2/2022,1669,,P0013,Cavett,Wendy Bobbitt,,Music Director / Conductor,1/1/2017,,,,https://www.ibdb.com/broadway-cast-staff/wendy-bobbitt-cavett-112867,https://flerlageapps.com/Women-Conductors/P0013.jpg,,
83,S0050,Come From Away,Closed,Original,3/12/2017,10/2/2022,1669,,P0013,Cavett,Wendy Bobbitt,,Associate Music Supervisor,1/1/2018,,,,https://www.ibdb.com/broadway-cast-staff/wendy-bobbitt-cavett-112867,https://flerlageapps.com/Women-Conductors/P0013.jpg,,
84,S0051,Company,Closed,Revival,11/29/2006,7/1/2007,246,,P0020,Campbell,Mary-Mitchell,,Music Supervisor,,,,https://www.marymitchellcampbell.com/,https://www.ibdb.com/broadway-cast-staff/mary-mitchell-campbell-423557,https://flerlageapps.com/Women-Conductors/P0020.jpg,,
85,S0051,Company,Closed,Revival,11/29/2006,7/1/2007,246,,P0080,Shankel,Lynne,,Resident Music Supervisor,,,,https://www.lynneshankel.com/,https://www.ibdb.com/broadway-cast-staff/lynne-shankel-390754,https://flerlageapps.com/Women-Conductors/P0080.jpg,,
86,S0052,Company,Closed,Revival,12/9/2021,7/31/2022,265,,P0067,Meng,Cynthia,,Alternate Conductor,,,,https://www.cynthiameng.com/,https://www.ibdb.com/broadway-cast-staff/cynthia-meng-527175,https://flerlageapps.com/Women-Conductors/P0067.jpg,,
87,S0053,Crazy For You,Closed,Original,2/19/1992,1/7/1996,1622,,P0034,Phillips,Pam Drews,,Assistant Conductor,,,,,https://www.ibdb.com/broadway-cast-staff/pam-drews-phillips-72408,https://flerlageapps.com/Women-Conductors/P0034.jpg,,
88,S0053,Crazy For You,Closed,Original,2/19/1992,1/7/1996,1622,,P0034,Phillips,Pam Drews,,Music Director / Conductor,1/1/1994,,,,https://www.ibdb.com/broadway-cast-staff/pam-drews-phillips-72408,https://flerlageapps.com/Women-Conductors/P0034.jpg,,
89,S0054,Cry-Baby,Closed,Original,4/24/2008,6/22/2008,68,,P0080,Shankel,Lynne,,Music Director / Conductor,,,,https://www.lynneshankel.com/,https://www.ibdb.com/broadway-cast-staff/lynne-shankel-390754,https://flerlageapps.com/Women-Conductors/P0080.jpg,,
90,S0055,"Cyrano, The Musical",Closed,Original,11/21/1993,3/20/1994,137,,P0100,Will,Ethyl,,Associate Conductor,,,,,https://www.ibdb.com/broadway-cast-staff/ethyl-will-71588,https://flerlageapps.com/Women-Conductors/P0100.jpg,,Ethyl Will has been conducting the Radio City Christmas Spectacular since 2010. She was the first (and so far the only) woman to conduct the Radio City orchestra.
91,S0056,Darling of the Day,Closed,Original,1/27/1968,2/24/1968,31,,P0015,Brown,Joyce,1920-2015,Assistant Conductor,,,Dr.,,https://www.ibdb.com/broadway-cast-staff/joyce-brown-79156,https://flerlageapps.com/Women-Conductors/P0015.jpg,,"Broadway's first Black female conductor (Golden Boy, replacement circa 1965)
Broadway's first Black female conductor to open a show (Purlie, 1970)"
92,S0057,Days of Wine and Roses,Closed,Original,1/28/2024,3/31/2024,73,,P0046,Grigsby,Kimberly,,Music Director / Conductor,,,,,https://www.ibdb.com/broadway-cast-staff/kimberly-grigsby-69861,https://flerlageapps.com/Women-Conductors/P0046.jpg,,
93,S0058,Dead Outlaw,Closed,Original,4/27/2025,6/29/2025,65,,P0017,Bruce,Rebekah,,Music Director / Conductor,1/1/2025,,,,https://www.ibdb.com/broadway-cast-staff/rebekah-bruce-parker-524338,https://flerlageapps.com/Women-Conductors/P0017.jpg,,
94,S0058,Dead Outlaw,Closed,Original,4/27/2025,6/29/2025,65,,P0025,Conn,Myrna,,Assistant Music Director,,,,,https://www.ibdb.com/broadway-cast-staff/myrna-conn-525068,https://flerlageapps.com/Women-Conductors/P0025.jpg,,
95,S0058,Dead Outlaw,Closed,Original,4/27/2025,6/29/2025,65,,P0067,Meng,Cynthia,,Associate Music Director,,,,https://www.cynthiameng.com/,https://www.ibdb.com/broadway-cast-staff/cynthia-meng-527175,https://flerlageapps.com/Women-Conductors/P0067.jpg,,
96,S0059,Death Becomes Her,Running,Original,11/21/2024,,426,,P0020,Campbell,Mary-Mitchell,,Music Supervisor,,,,https://www.marymitchellcampbell.com/,https://www.ibdb.com/broadway-cast-staff/mary-mitchell-campbell-423557,https://flerlageapps.com/Women-Conductors/P0020.jpg,,
97,S0059,Death Becomes Her,Running,Original,11/21/2024,,426,,P0038,Ebbesen,Anna,,Substitute Conductor,4/1/2025,,,https://annaebbesen.com/,https://www.ibdb.com/broadway-cast-staff/anna-ebbesen-532984,https://flerlageapps.com/Women-Conductors/P0038.jpg,,
98,S0060,Destry Rides Again,Closed,Original,4/23/1959,6/18/1960,472,"One month replacement for Conductor Lehman Engel, uncredited",P0048,Gustafson,Karen,,Assistant Conductor,1/1/1959,12/31/1959,,,https://www.ibdb.com/broadway-cast-staff/karen-gustafson-90439,https://flerlageapps.com/Women-Conductors/P0048.jpg,Karen Gustafson (left) and Dorothea Freitag (right),"Broadway's first female pit pianist (The Vamp, 1955)"
99,S0061,"Diana, The Musical",Closed,Original,11/11/2021,12/19/2021,34,,P0008,Bennett,Haley,,Associate Music Director,,,,,https://www.ibdb.com/broadway-cast-staff/haley-bennett-516909,https://flerlageapps.com/Women-Conductors/P0008.jpg,Photo by Gareth Keegan,
100,S0061,"Diana, The Musical",Closed,Original,11/11/2021,12/19/2021,34,,P0008,Bennett,Haley,,Alternate Conductor,,,,,https://www.ibdb.com/broadway-cast-staff/haley-bennett-516909,https://flerlageapps.com/Women-Conductors/P0008.jpg,Photo by Gareth Keegan,
101,S0062,Dirty Rotten Scoundrels,Closed,Original,3/3/2005,9/3/2006,627,,P0075,Rosenberg,Jan,1953-2010,Associate Conductor,,,,,https://www.ibdb.com/broadway-cast-staff/jan-rosenberg-72997,https://flerlageapps.com/Women-Conductors/P0075.jpg,,
102,S0063,Doctor Jazz,Closed,Original,3/19/1975,3/22/1975,5,,P0015,Brown,Joyce,1920-2015,Associate Music Director,,,Dr.,,https://www.ibdb.com/broadway-cast-staff/joyce-brown-79156,https://flerlageapps.com/Women-Conductors/P0015.jpg,,"Broadway's first Black female conductor (Golden Boy, replacement circa 1965)
Broadway's first Black female conductor to open a show (Purlie, 1970)"
103,S0063,Doctor Jazz,Closed,Original,3/19/1975,3/22/1975,5,,P0021,Campbell,Sande,1937-2024,Assistant Conductor,,,,,https://www.ibdb.com/broadway-cast-staff/sande-campbell-84933,https://flerlageapps.com/Women-Conductors/P0021.jpg,,
104,S0064,Dr. Seuss' How the Grinch Stole Christmas,Closed,Original,11/8/2006,1/7/2007,107,,P0004,Anschutz,Sue,,Associate Conductor,,,,,https://www.ibdb.com/broadway-cast-staff/sue-anschutz-109379,https://flerlageapps.com/Women-Conductors/P0004.jpg,Photo by Deborah Abramson,
105,S0065,Dr. Seuss' How the Grinch Stole Christmas,Closed,Revival,11/9/2007,1/6/2008,96,,P0004,Anschutz,Sue,,Associate Conductor,,,,,https://www.ibdb.com/broadway-cast-staff/sue-anschutz-109379,https://flerlageapps.com/Women-Conductors/P0004.jpg,Photo by Deborah Abramson,
106,S0066,"Dracula, the Musical",Closed,Original,8/19/2004,1/2/2005,158,,P0100,Will,Ethyl,,Associate Conductor,,,,,https://www.ibdb.com/broadway-cast-staff/ethyl-will-71588,https://flerlageapps.com/Women-Conductors/P0100.jpg,,Ethyl Will has been conducting the Radio City Christmas Spectacular since 2010. She was the first (and so far the only) woman to conduct the Radio City orchestra.
107,S0067,Dream,Closed,Original,4/3/1997,7/6/1997,109,,P0075,Rosenberg,Jan,1953-2010,Assistant Music Supervisor,,,,,https://www.ibdb.com/broadway-cast-staff/jan-rosenberg-72997,https://flerlageapps.com/Women-Conductors/P0075.jpg,,
108,S0068,Dreamgirls,Closed,Original,12/20/1981,8/11/1985,1521,,P0079,Segovia,Yolanda,,Music Director / Conductor,,,,,https://www.ibdb.com/broadway-cast-staff/yolanda-segovia-77475,https://flerlageapps.com/Women-Conductors/P0079.jpg,,
109,S0069,Dreamgirls,Closed,Revival,6/28/1987,11/29/1987,177,,P0079,Segovia,Yolanda,,Music Director / Conductor,,,,,https://www.ibdb.com/broadway-cast-staff/yolanda-segovia-77475,https://flerlageapps.com/Women-Conductors/P0079.jpg,,
110,S0069,Dreamgirls,Closed,Revival,6/28/1987,11/29/1987,177,,P0101,Williams,Beth,,Assistant Conductor,1/1/1987,,,,https://www.ibdb.com/broadway-cast-staff/beth-williams-92605,https://flerlageapps.com/Women-Conductors/P0101.jpg,,
111,S0070,Elf,Closed,Original,11/9/2012,1/6/2013,74,,P0004,Anschutz,Sue,,Associate Conductor,1/1/2012,,,,https://www.ibdb.com/broadway-cast-staff/sue-anschutz-109379,https://flerlageapps.com/Women-Conductors/P0004.jpg,Photo by Deborah Abramson,
112,S0071,Eubie!,Closed,Original,9/20/1978,10/7/1979,439,,P0023,Carter,Vicki,,Music Director / Conductor,,,,,https://www.ibdb.com/broadway-cast-staff/vicki-carter-95628,https://flerlageapps.com/Women-Conductors/P0023.jpg,,
113,S0072,Evita,Closed,Revival,4/5/2012,1/26/2013,337,,P0011,Blodgette,Kristen,,Music Supervisor,,,,,https://www.ibdb.com/broadway-cast-staff/kristen-blodgette-95014,https://flerlageapps.com/Women-Conductors/P0011.jpg,,
114,S0072,Evita,Closed,Revival,4/5/2012,1/26/2013,337,,P0011,Blodgette,Kristen,,Music Director / Conductor,,,,,https://www.ibdb.com/broadway-cast-staff/kristen-blodgette-95014,https://flerlageapps.com/Women-Conductors/P0011.jpg,,
115,S0073,Fiddler on the Roof,Closed,Revival,11/18/1990,6/16/1991,241,,P0096,Walker,Sheilah,,Associate Conductor,,,,,https://www.ibdb.com/broadway-cast-staff/sheilah-walker-506876,https://flerlageapps.com/Women-Conductors/P0096.jpg,,
116,S0074,Fiddler on the Roof,Closed,Revival,12/20/2015,12/31/2016,431,,P0046,Grigsby,Kimberly,,Conductor,1/1/2016,,,,https://www.ibdb.com/broadway-cast-staff/kimberly-grigsby-69861,https://flerlageapps.com/Women-Conductors/P0046.jpg,,
117,S0075,Finding Neverland,Closed,Original,4/15/2015,8/21/2016,565,,P0020,Campbell,Mary-Mitchell,,Music Director / Conductor,,,,https://www.marymitchellcampbell.com/,https://www.ibdb.com/broadway-cast-staff/mary-mitchell-campbell-423557,https://flerlageapps.com/Women-Conductors/P0020.jpg,,
118,S0075,Finding Neverland,Closed,Original,4/15/2015,8/21/2016,565,,P0066,McBride,Julie,,Assistant Conductor,,,,,https://www.ibdb.com/broadway-cast-staff/julie-mcbride-501316,https://flerlageapps.com/Women-Conductors/P0066.jpg,,
119,S0076,Flying Over Sunset,Closed,Original,12/13/2021,1/16/2022,35,,P0046,Grigsby,Kimberly,,Music Director / Conductor,,,,,https://www.ibdb.com/broadway-cast-staff/kimberly-grigsby-69861,https://flerlageapps.com/Women-Conductors/P0046.jpg,,
120,S0077,Fosse,Closed,Original,1/14/1999,8/25/2001,1093,,P0100,Will,Ethyl,,Associate Conductor,,,,,https://www.ibdb.com/broadway-cast-staff/ethyl-will-71588,https://flerlageapps.com/Women-Conductors/P0100.jpg,,Ethyl Will has been conducting the Radio City Christmas Spectacular since 2010. She was the first (and so far the only) woman to conduct the Radio City orchestra.
121,S0077,Fosse,Closed,Original,1/14/1999,8/25/2001,1093,,P0100,Will,Ethyl,,Conductor,1/1/2000,,,,https://www.ibdb.com/broadway-cast-staff/ethyl-will-71588,https://flerlageapps.com/Women-Conductors/P0100.jpg,,Ethyl Will has been conducting the Radio City Christmas Spectacular since 2010. She was the first (and so far the only) woman to conduct the Radio City orchestra.
122,S0078,Frozen,Closed,Original,3/22/2018,3/11/2020,825,,P0036,duChateau,Annbritt,,Associate Music Director / Associate Conductor,6/1/2018,3/11/2020,,https://www.annbrittduchateau.com/,https://www.ibdb.com/broadway-cast-staff/annbritt-duchateau-112939,https://flerlageapps.com/Women-Conductors/P0036.jpg,,
123,S0079,Funny Girl,Closed,Revival,4/24/2022,9/3/2023,569,,P0067,Meng,Cynthia,,Alternate Conductor,,,,https://www.cynthiameng.com/,https://www.ibdb.com/broadway-cast-staff/cynthia-meng-527175,https://flerlageapps.com/Women-Conductors/P0067.jpg,,
124,S0079,Funny Girl,Closed,Revival,4/24/2022,9/3/2023,569,,P0103,Zervoulis Bate,Meg,,Associate Music Director / Associate Conductor,,,,https://www.megzmusic.com/,https://www.ibdb.com/broadway-cast-staff/meg-zervoulis-518150,https://flerlageapps.com/Women-Conductors/P0103.jpg,Photo by Priyanca Rao,
125,S0080,Ghost,Closed,Original,4/23/2012,8/18/2012,136,,P0001,Abramson,Deborah,,Assistant Conductor,,,,https://www.deborahabramson.com/,https://www.ibdb.com/broadway-cast-staff/deborah-abramson-454280,https://flerlageapps.com/Women-Conductors/P0001.jpg,,
126,S0081,Golden Boy,Closed,Original,9/23/1964,3/5/1966,568,,P0015,Brown,Joyce,1920-2015,Associate Music Director,,,Dr.,,https://www.ibdb.com/broadway-cast-staff/joyce-brown-79156,https://flerlageapps.com/Women-Conductors/P0015.jpg,,"Broadway's first Black female conductor (Golden Boy, replacement circa 1965)
Broadway's first Black female conductor to open a show (Purlie, 1970)"
127,S0081,Golden Boy,Closed,Original,9/23/1964,3/5/1966,568,,P0015,Brown,Joyce,1920-2015,Conductor,5/1/1965,,Dr.,,https://www.ibdb.com/broadway-cast-staff/joyce-brown-79156,https://flerlageapps.com/Women-Conductors/P0015.jpg,,"Broadway's first Black female conductor (Golden Boy, replacement circa 1965)
Broadway's first Black female conductor to open a show (Purlie, 1970)"
128,S0082,Good News,Closed,Revival,12/23/1974,1/4/1975,16,,P0071,Redfield,Liza,1924-2018,Music Director,,,,,https://www.ibdb.com/broadway-cast-staff/liza-redfield-83043,https://flerlageapps.com/Women-Conductors/P0071.jpg,,"Broadway's first full time female conductor (The Music Man, replacement 1960)"
129,S0083,Good Vibrations,Closed,Original,2/2/2005,4/24/2005,94,,P0033,Draus,Susan,,Music Director / Conductor,,,,,https://www.ibdb.com/broadway-cast-staff/susan-draus-391085,https://flerlageapps.com/Women-Conductors/P0033.jpg,,
130,S0083,Good Vibrations,Closed,Original,2/2/2005,4/24/2005,94,,P0070,Puricelli,Denise,,Assistant Conductor,,,,,https://www.ibdb.com/broadway-cast-staff/denise-puricelli-478954,https://flerlageapps.com/Women-Conductors/P0070.jpg,,
131,S0084,Grand Hotel,Closed,Original,11/12/1989,4/25/1992,1017,,P0021,Campbell,Sande,1937-2024,Associate Conductor,,,,,https://www.ibdb.com/broadway-cast-staff/sande-campbell-84933,https://flerlageapps.com/Women-Conductors/P0021.jpg,,
132,S0085,Grease,Closed,Revival,8/19/2007,1/4/2009,554,,P0046,Grigsby,Kimberly,,Conductor,,,,,https://www.ibdb.com/broadway-cast-staff/kimberly-grigsby-69861,https://flerlageapps.com/Women-Conductors/P0046.jpg,,
133,S0086,Gutenberg! The Musical,Closed,Original,10/12/2023,1/28/2024,125,,P0069,Morton,Amanda,,Associate Conductor,,,,,https://www.ibdb.com/broadway-cast-staff/amanda-morton-525182,https://flerlageapps.com/Women-Conductors/P0069.jpg,,
134,S0087,Guys and Dolls,Closed,Other,7/21/1976,2/13/1977,239,All Black Revival,P0072,Richardson,Lea,,Assistant Conductor,,,,,https://www.ibdb.com/broadway-cast-staff/lea-richardson-88386,,,
135,S0088,Gypsy,Closed,Revival,11/16/1989,7/28/1991,581,,P0089,Tesori,Jeanine,,Associate Conductor,1/1/1990,,,,https://www.ibdb.com/broadway-cast-staff/jeanine-tesori-12488,https://flerlageapps.com/Women-Conductors/P0089.jpg,,
136,S0089,Gypsy,Closed,Revival,5/1/2003,5/30/2004,451,,P0100,Will,Ethyl,,Associate Conductor,,,,,https://www.ibdb.com/broadway-cast-staff/ethyl-will-71588,https://flerlageapps.com/Women-Conductors/P0100.jpg,,Ethyl Will has been conducting the Radio City Christmas Spectacular since 2010. She was the first (and so far the only) woman to conduct the Radio City orchestra.
137,S0090,Hadestown,Running,Original,4/17/2019,,2132,,P0067,Meng,Cynthia,,Alternate Conductor,,,,https://www.cynthiameng.com/,https://www.ibdb.com/broadway-cast-staff/cynthia-meng-527175,https://flerlageapps.com/Women-Conductors/P0067.jpg,,
138,S0091,Hair,Closed,Original,4/29/1968,7/1/1972,1750,,P0050,Harris,Margaret Rosezarian,1943-2000,Music Director / Conductor,1/1/1970,,,,https://www.ibdb.com/broadway-cast-staff/margaret-harris-83165,https://flerlageapps.com/Women-Conductors/P0050.jpg,,
139,S0092,Hair,Closed,Revival,3/31/2009,6/27/2010,519,,P0031,DiGiallonardo,Nadia,,Music Director / Conductor,,,,,https://www.ibdb.com/broadway-cast-staff/nadia-digiallonardo-483487,https://flerlageapps.com/Women-Conductors/P0031.jpg,,
140,S0093,Hair,Closed,Revival,7/13/2011,9/10/2011,67,,P0031,DiGiallonardo,Nadia,,Music Supervisor,,,,,https://www.ibdb.com/broadway-cast-staff/nadia-digiallonardo-483487,https://flerlageapps.com/Women-Conductors/P0031.jpg,,
141,S0094,Hairspray,Closed,Original,8/15/2002,1/4/2009,2642,,P0068,Moore,Jodie,,Alternate Conductor,1/1/2006,,,,https://www.ibdb.com/broadway-cast-staff/jodie-moore-483753,https://flerlageapps.com/Women-Conductors/P0068.jpg,,
142,S0095,Hamilton,Running,Original,8/6/2015,,3661,,P0013,Cavett,Wendy Bobbitt,,Alternate Conductor,1/1/2016,12/31/2024,,,https://www.ibdb.com/broadway-cast-staff/wendy-bobbitt-cavett-112867,https://flerlageapps.com/Women-Conductors/P0013.jpg,,
143,S0095,Hamilton,Running,Original,8/6/2015,,3661,,P0062,Ling,Lily,,Alternate Conductor,8/1/2022,,,,https://www.ibdb.com/broadway-cast-staff/lily-ling-517858,https://flerlageapps.com/Women-Conductors/P0062.jpg,Photo by Alejandro Ibarra,
144,S0095,Hamilton,Running,Original,8/6/2015,,3661,,P0081,Sherrell,Kat,,Substitute Conductor,5/1/2025,,,https://www.katsherrell.com/,https://www.ibdb.com/broadway-cast-staff/kat-sherrell-532301,https://flerlageapps.com/Women-Conductors/P0081.jpg,,
145,S0096,Hands on a Hardbody,Closed,Original,3/21/2013,5/13/2013,28,,P0029,Dean,Carmel,,Music Director / Conductor,,,,https://carmeldean.com/,https://www.ibdb.com/broadway-cast-staff/carmel-dean-394061,https://flerlageapps.com/Women-Conductors/P0029.jpg,,
146,S0097,Head Over Heels,Closed,Original,7/26/2018,1/6/2019,188,,P0022,Cardona,Jane,,Associate Music Director / Associate Conductor,,,,,https://www.ibdb.com/broadway-cast-staff/jane-cardona-518820,https://flerlageapps.com/Women-Conductors/P0022.jpg,,
147,S0097,Head Over Heels,Closed,Original,7/26/2018,1/6/2019,188,,P0022,Cardona,Jane,,Music Director / Conductor,1/1/2018,,,,https://www.ibdb.com/broadway-cast-staff/jane-cardona-518820,https://flerlageapps.com/Women-Conductors/P0022.jpg,,
148,S0097,Head Over Heels,Closed,Original,7/26/2018,1/6/2019,188,,P0046,Grigsby,Kimberly,,Music Director / Conductor,,,,,https://www.ibdb.com/broadway-cast-staff/kimberly-grigsby-69861,https://flerlageapps.com/Women-Conductors/P0046.jpg,,
149,S0097,Head Over Heels,Closed,Original,7/26/2018,1/6/2019,188,,P0063,Marshall,Emily,,Associate Music Director / Associate Conductor,1/1/2018,,,https://www.emilymarshallmusic.com/,https://www.ibdb.com/broadway-cast-staff/emily-marshall-505368,https://flerlageapps.com/Women-Conductors/P0063.jpg,,
150,S0097,Head Over Heels,Closed,Original,7/26/2018,1/6/2019,188,,P0066,McBride,Julie,,Music Director / Conductor,1/1/2018,,,,https://www.ibdb.com/broadway-cast-staff/julie-mcbride-501316,https://flerlageapps.com/Women-Conductors/P0066.jpg,,
151,S0098,Hell's Kitchen,Running,Original,4/20/2024,,671,,P0062,Ling,Lily,,Music Director / Conductor,,,,,https://www.ibdb.com/broadway-cast-staff/lily-ling-517858,https://flerlageapps.com/Women-Conductors/P0062.jpg,Photo by Alejandro Ibarra,
152,S0099,How to Dance in Ohio,Closed,Original,12/10/2023,2/11/2024,72,,P0027,D'Angelo,Nicole,,Assistant Music Director,,,,https://www.nicoledangelo.me/,https://www.ibdb.com/broadway-cast-staff/nicole-dangelo-537649,https://flerlageapps.com/Women-Conductors/P0027.jpg,,
153,S0099,How to Dance in Ohio,Closed,Original,12/10/2023,2/11/2024,72,,P0062,Ling,Lily,,Music Director / Conductor,,,,,https://www.ibdb.com/broadway-cast-staff/lily-ling-517858,https://flerlageapps.com/Women-Conductors/P0062.jpg,Photo by Alejandro Ibarra,
154,S0100,If/Then,Closed,Original,3/30/2014,3/22/2015,401,,P0029,Dean,Carmel,,Music Director / Conductor,,,,https://carmeldean.com/,https://www.ibdb.com/broadway-cast-staff/carmel-dean-394061,https://flerlageapps.com/Women-Conductors/P0029.jpg,,
155,S0101,Ilya Darling,Closed,Original,4/11/1967,1/13/1968,320,,P0048,Gustafson,Karen,,Music Director,,,,,https://www.ibdb.com/broadway-cast-staff/karen-gustafson-90439,https://flerlageapps.com/Women-Conductors/P0048.jpg,Karen Gustafson (left) and Dorothea Freitag (right),"Broadway's first female pit pianist (The Vamp, 1955)"
156,S0102,Into the Woods,Closed,Original,4/13/2002,12/29/2002,279,,P0036,duChateau,Annbritt,,Assistant Conductor,4/30/2002,12/29/2002,,https://www.annbrittduchateau.com/,https://www.ibdb.com/broadway-cast-staff/annbritt-duchateau-112939,https://flerlageapps.com/Women-Conductors/P0036.jpg,,
157,S0103,Jack's Romance,Closed,Original,2/22/1915,2/27/1915,8,Was the composer as well,P0012,Bloodgood,Linda,,Music Director,,,,,https://www.ibdb.com/broadway-cast-staff/linda-bloodgood-464752,,,
158,S0104,Jagged Little Pill,Closed,Original,12/5/2019,12/17/2021,171,,P0022,Cardona,Jane,,Substitute Conductor,1/1/2019,,,,https://www.ibdb.com/broadway-cast-staff/jane-cardona-518820,https://flerlageapps.com/Women-Conductors/P0022.jpg,,
159,S0104,Jagged Little Pill,Closed,Original,12/5/2019,12/17/2021,171,,P0063,Marshall,Emily,,Associate Music Director / Associate Conductor,1/1/2021,,,https://www.emilymarshallmusic.com/,https://www.ibdb.com/broadway-cast-staff/emily-marshall-505368,https://flerlageapps.com/Women-Conductors/P0063.jpg,,
160,S0105,James Joyce's The Dead,Closed,Original,1/11/2000,4/16/2000,120,,P0001,Abramson,Deborah,,Assistant Conductor,,,,https://www.deborahabramson.com/,https://www.ibdb.com/broadway-cast-staff/deborah-abramson-454280,https://flerlageapps.com/Women-Conductors/P0001.jpg,,
161,S0106,Jekyll & Hyde,Closed,Original,4/28/1997,1/7/2001,1543,,P0074,Rosen,Cherie,,Assistant Conductor,1/1/2000,,,,https://www.ibdb.com/broadway-cast-staff/cherie-rosen-82812,https://flerlageapps.com/Women-Conductors/P0074.jpg,,
162,S0106,Jekyll & Hyde,Closed,Original,4/28/1997,1/7/2001,1543,,P0075,Rosenberg,Jan,1953-2010,Assistant Conductor,,,,,https://www.ibdb.com/broadway-cast-staff/jan-rosenberg-72997,https://flerlageapps.com/Women-Conductors/P0075.jpg,,
163,S0106,Jekyll & Hyde,Closed,Original,4/28/1997,1/7/2001,1543,,P0075,Rosenberg,Jan,1953-2010,Associate Conductor,5/1/1998,,,,https://www.ibdb.com/broadway-cast-staff/jan-rosenberg-72997,https://flerlageapps.com/Women-Conductors/P0075.jpg,,
164,S0107,Jelly's Last Jam,Closed,Original,4/26/1992,9/5/1993,569,,P0094,Twine,Linda,,Music Director / Conductor,,,,,https://www.ibdb.com/broadway-cast-staff/linda-twine-76696,https://flerlageapps.com/Women-Conductors/P0094.jpg,,
165,S0108,Jerome Robbins' Broadway,Closed,Original,2/26/1989,9/1/1990,633,,P0034,Phillips,Pam Drews,,Assistant Conductor,,,,,https://www.ibdb.com/broadway-cast-staff/pam-drews-phillips-72408,https://flerlageapps.com/Women-Conductors/P0034.jpg,,
166,S0109,Jerry's Girls,Closed,Original,11/26/1985,4/20/1986,141,,P0042,Glazener Roma,Janet,,Music Director / Conductor,,,,,https://www.ibdb.com/broadway-cast-staff/janet-glazener-87303,https://flerlageapps.com/Women-Conductors/P0042.jpg,,
167,S0109,Jerry's Girls,Closed,Original,11/26/1985,4/20/1986,141,,P0060,Libkin,Maida,,Associate Conductor,,,,,https://www.ibdb.com/broadway-cast-staff/maida-libkin-87304,https://flerlageapps.com/Women-Conductors/P0060.jpg,,
168,S0110,Jersey Boys,Closed,Original,11/6/2005,1/15/2017,4642,,P0007,Barsha,Debra,,Associate Conductor,1/1/2011,12/31/2017,,https://debrabarsha.com/,https://www.ibdb.com/broadway-cast-staff/debra-barsha-490933,https://flerlageapps.com/Women-Conductors/P0007.jpg,Photo by Joe Henson,
169,S0110,Jersey Boys,Closed,Original,11/6/2005,1/15/2017,4642,,P0052,Hurwitz,Deborah N.,,Associate Conductor,11/6/2005,12/31/2011,,https://hurwitzmusic.com/,https://www.ibdb.com/broadway-cast-staff/deborah-hurwitz-392481,https://flerlageapps.com/Women-Conductors/P0052.jpg,,Synth Programmer for all of Jersey Boys worldwide
170,S0111,Jesus Christ Superstar,Closed,Revival,4/16/2000,9/3/2000,161,,P0011,Blodgette,Kristen,,Associate Music Supervisor,,,,,https://www.ibdb.com/broadway-cast-staff/kristen-blodgette-95014,https://flerlageapps.com/Women-Conductors/P0011.jpg,,
171,S0112,Kimberly Akimbo,Closed,Original,11/10/2022,4/28/2024,612,,P0030,Delano,Leigh,,Substitute Conductor,12/1/2023,2/29/2024,,https://leighdelano.com/,https://www.ibdb.com/broadway-cast-staff/leigh-delano-539975,https://flerlageapps.com/Women-Conductors/P0030.jpg,,
172,S0113,King of Hearts,Closed,Original,10/22/1978,12/2/1978,48,,P0048,Gustafson,Karen,,Music Director,,,,,https://www.ibdb.com/broadway-cast-staff/karen-gustafson-90439,https://flerlageapps.com/Women-Conductors/P0048.jpg,Karen Gustafson (left) and Dorothea Freitag (right),"Broadway's first female pit pianist (The Vamp, 1955)"
173,S0113,King of Hearts,Closed,Original,10/22/1978,12/2/1978,48,,P0079,Segovia,Yolanda,,Assistant Music Director / Assistant Conductor,,,,,https://www.ibdb.com/broadway-cast-staff/yolanda-segovia-77475,https://flerlageapps.com/Women-Conductors/P0079.jpg,,
174,S0114,"Kiss Me, Kate",Closed,Revival,11/18/1999,12/30/2001,881,,P0036,duChateau,Annbritt,,Assistant Conductor,11/18/1999,12/31/2000,,https://www.annbrittduchateau.com/,https://www.ibdb.com/broadway-cast-staff/annbritt-duchateau-112939,https://flerlageapps.com/Women-Conductors/P0036.jpg,,
175,S0114,"Kiss Me, Kate",Closed,Revival,11/18/1999,12/30/2001,881,,P0036,duChateau,Annbritt,,Associate Conductor,1/1/2001,12/30/2001,,https://www.annbrittduchateau.com/,https://www.ibdb.com/broadway-cast-staff/annbritt-duchateau-112939,https://flerlageapps.com/Women-Conductors/P0036.jpg,,
176,S0115,KPOP,Closed,Original,11/27/2022,12/11/2022,17,,P0057,Kim-Ramsey,Sujin,,Music Director / Conductor,,,,,https://www.ibdb.com/broadway-cast-staff/sujin-kim-ramsey-534374,https://flerlageapps.com/Women-Conductors/P0057.jpg,,
177,S0115,KPOP,Closed,Original,11/27/2022,12/11/2022,17,,P0069,Morton,Amanda,,Associate Music Director / Associate Conductor,,,,,https://www.ibdb.com/broadway-cast-staff/amanda-morton-525182,https://flerlageapps.com/Women-Conductors/P0069.jpg,,
178,S0116,Kristen Chenoweth: For the Girls,Closed,Original,11/8/2019,11/17/2019,8,,P0020,Campbell,Mary-Mitchell,,Music Director / Conductor,,,,https://www.marymitchellcampbell.com/,https://www.ibdb.com/broadway-cast-staff/mary-mitchell-campbell-423557,https://flerlageapps.com/Women-Conductors/P0020.jpg,,
179,S0117,La Cage Aux Folles,Closed,Revival,12/9/2004,6/26/2005,229,,P0092,Torre,Maggie,,Assistant Conductor,,,,,https://www.ibdb.com/broadway-cast-staff/maggie-torre-105364,,,
180,S0118,La Grosse Valise,Closed,Original,12/14/1965,12/18/1965,7,,P0048,Gustafson,Karen,,Associate Conductor,,,,,https://www.ibdb.com/broadway-cast-staff/karen-gustafson-90439,https://flerlageapps.com/Women-Conductors/P0048.jpg,Karen Gustafson (left) and Dorothea Freitag (right),"Broadway's first female pit pianist (The Vamp, 1955)"
181,S0119,Lempicka,Closed,Original,4/14/2024,5/19/2024,41,,P0066,McBride,Julie,,Associate Music Director / Associate Conductor,,,,,https://www.ibdb.com/broadway-cast-staff/julie-mcbride-501316,https://flerlageapps.com/Women-Conductors/P0066.jpg,,
182,S0119,Lempicka,Closed,Original,4/14/2024,5/19/2024,41,,P0099,Wicks,Charity,,Music Director / Conductor,,,,,https://www.ibdb.com/broadway-cast-staff/charity-wicks-505937,https://flerlageapps.com/Women-Conductors/P0099.jpg,,
183,S0120,Lena Horne: The Lady and Her Music,Closed,Original,5/12/1981,6/30/1982,333,,P0094,Twine,Linda,,Assistant Conductor,,,,,https://www.ibdb.com/broadway-cast-staff/linda-twine-76696,https://flerlageapps.com/Women-Conductors/P0094.jpg,,
184,S0121,Les Misérables,Closed,Original,3/12/1987,5/18/2003,6680,,P0043,Goetz,Sariva,,Assistant Conductor,6/1/1993,,,https://www.sarivagoetz.com/,https://www.ibdb.com/broadway-cast-staff/sariva-goetz-410640,https://flerlageapps.com/Women-Conductors/P0043.jpg,,
185,S0121,Les Misérables,Closed,Original,3/12/1987,5/18/2003,6680,,P0101,Williams,Beth,,Assistant Conductor,1/1/1991,6/30/1994,,,https://www.ibdb.com/broadway-cast-staff/beth-williams-92605,https://flerlageapps.com/Women-Conductors/P0101.jpg,,
186,S0121,Les Misérables,Closed,Original,3/12/1987,5/18/2003,6680,,P0101,Williams,Beth,,Associate Conductor,7/1/1994,8/31/1996,,,https://www.ibdb.com/broadway-cast-staff/beth-williams-92605,https://flerlageapps.com/Women-Conductors/P0101.jpg,,
187,S0121,Les Misérables,Closed,Original,3/12/1987,5/18/2003,6680,,P0101,Williams,Beth,,Music Director / Conductor,9/1/1996,12/31/1996,,,https://www.ibdb.com/broadway-cast-staff/beth-williams-92605,https://flerlageapps.com/Women-Conductors/P0101.jpg,,
188,S0122,Les Misérables,Closed,Revival,11/9/2006,1/6/2008,463,,P0036,duChateau,Annbritt,,Assistant Conductor,11/9/2006,1/6/2008,,https://www.annbrittduchateau.com/,https://www.ibdb.com/broadway-cast-staff/annbritt-duchateau-112939,https://flerlageapps.com/Women-Conductors/P0036.jpg,,
189,S0123,Let's Sing Yiddish,Closed,Original,11/8/1966,1/28/1967,107,,P0084,Solomon,Renee,,Music Director,,,,,https://www.ibdb.com/broadway-cast-staff/renee-solomon-102716,,,
190,S0124,"Light, Lively and Yiddish",Closed,Original,10/27/1970,1/9/1971,87,,P0084,Solomon,Renee,,Music Director / Conductor,,,,,https://www.ibdb.com/broadway-cast-staff/renee-solomon-102716,,,
191,S0125,Little Shop of Horrors,Closed,Original,10/2/2003,8/22/2004,372,,P0070,Puricelli,Denise,,Assistant Conductor,1/1/2004,,,,https://www.ibdb.com/broadway-cast-staff/denise-puricelli-478954,https://flerlageapps.com/Women-Conductors/P0070.jpg,,
192,S0125,Little Shop of Horrors,Closed,Original,10/2/2003,8/22/2004,372,,P0088,Stitt,Georgia,,Assistant Conductor,,,,https://georgiastitt.com/,https://www.ibdb.com/broadway-cast-staff/georgia-stitt-116110,https://flerlageapps.com/Women-Conductors/P0088.jpg,Photo by Monica Simoes,
193,S0126,Lost in the Stars,Closed,Revival,4/18/1972,5/21/1972,39,,P0048,Gustafson,Karen,,Music Director,,,,,https://www.ibdb.com/broadway-cast-staff/karen-gustafson-90439,https://flerlageapps.com/Women-Conductors/P0048.jpg,Karen Gustafson (left) and Dorothea Freitag (right),"Broadway's first female pit pianist (The Vamp, 1955)"
194,S0127,Lovemusik,Closed,Original,5/3/2007,6/24/2007,60,,P0011,Blodgette,Kristen,,Music Supervisor,,,,,https://www.ibdb.com/broadway-cast-staff/kristen-blodgette-95014,https://flerlageapps.com/Women-Conductors/P0011.jpg,,
195,S0128,Mamma Mia!,Closed,Original,10/18/2001,9/12/2015,5758,,P0004,Anschutz,Sue,,Alternate Conductor,1/1/2003,12/31/2013,,,https://www.ibdb.com/broadway-cast-staff/sue-anschutz-109379,https://flerlageapps.com/Women-Conductors/P0004.jpg,Photo by Deborah Abramson,
196,S0128,Mamma Mia!,Closed,Original,10/18/2001,9/12/2015,5758,,P0013,Cavett,Wendy Bobbitt,,Music Director / Conductor,1/1/2006,12/31/2015,,,https://www.ibdb.com/broadway-cast-staff/wendy-bobbitt-cavett-112867,https://flerlageapps.com/Women-Conductors/P0013.jpg,,
197,S0128,Mamma Mia!,Closed,Original,10/18/2001,9/12/2015,5758,,P0070,Puricelli,Denise,,Alternate Conductor,1/1/2013,,,,https://www.ibdb.com/broadway-cast-staff/denise-puricelli-478954,https://flerlageapps.com/Women-Conductors/P0070.jpg,,
198,S0129,Man of La Mancha,Closed,Revival,4/24/1992,7/26/1992,108,,P0074,Rosen,Cherie,,Associate Conductor,,,,,https://www.ibdb.com/broadway-cast-staff/cherie-rosen-82812,https://flerlageapps.com/Women-Conductors/P0074.jpg,,
199,S0130,Man of La Mancha,Closed,Revival,12/5/2002,8/31/2003,304,,P0074,Rosen,Cherie,,Associate Conductor,,,,,https://www.ibdb.com/broadway-cast-staff/cherie-rosen-82812,https://flerlageapps.com/Women-Conductors/P0074.jpg,,
200,S0131,Man on the Moon,Closed,Original,1/29/1975,2/1/1975,10,,P0048,Gustafson,Karen,,Music Director,,,,,https://www.ibdb.com/broadway-cast-staff/karen-gustafson-90439,https://flerlageapps.com/Women-Conductors/P0048.jpg,Karen Gustafson (left) and Dorothea Freitag (right),"Broadway's first female pit pianist (The Vamp, 1955)"
201,S0132,Mary Poppins,Closed,Original,11/16/2006,3/3/2013,2619,,P0011,Blodgette,Kristen,,Associate Conductor,,,,,https://www.ibdb.com/broadway-cast-staff/kristen-blodgette-95014,https://flerlageapps.com/Women-Conductors/P0011.jpg,,
202,S0132,Mary Poppins,Closed,Original,11/16/2006,3/3/2013,2619,,P0036,duChateau,Annbritt,,Music Director / Conductor,7/1/2012,1/6/2013,,https://www.annbrittduchateau.com/,https://www.ibdb.com/broadway-cast-staff/annbritt-duchateau-112939,https://flerlageapps.com/Women-Conductors/P0036.jpg,,
203,S0133,Mask and Gown,Closed,Original,9/10/1957,10/12/1957,39,,P0039,Freitag,Dorothea,1912-1992,Music Director,,,,,https://www.ibdb.com/broadway-cast-staff/dorothea-freitag-1137,https://flerlageapps.com/Women-Conductors/P0039.jpg,,Also a prolific Broadway arranger
204,S0134,"Matilda, the Musical",Closed,Original,4/11/2013,1/1/2017,1554,,P0001,Abramson,Deborah,,Children's Music Director,,,,https://www.deborahabramson.com/,https://www.ibdb.com/broadway-cast-staff/deborah-abramson-454280,https://flerlageapps.com/Women-Conductors/P0001.jpg,,
205,S0134,"Matilda, the Musical",Closed,Original,4/11/2013,1/1/2017,1554,,P0001,Abramson,Deborah,,Co-Assistant Conductor,,,,https://www.deborahabramson.com/,https://www.ibdb.com/broadway-cast-staff/deborah-abramson-454280,https://flerlageapps.com/Women-Conductors/P0001.jpg,,
206,S0134,"Matilda, the Musical",Closed,Original,4/11/2013,1/1/2017,1554,,P0004,Anschutz,Sue,,Assistant Conductor,1/1/2013,12/31/2016,,,https://www.ibdb.com/broadway-cast-staff/sue-anschutz-109379,https://flerlageapps.com/Women-Conductors/P0004.jpg,Photo by Deborah Abramson,
207,S0134,"Matilda, the Musical",Closed,Original,4/11/2013,1/1/2017,1554,,P0004,Anschutz,Sue,,Associate Conductor,1/1/2016,,,,https://www.ibdb.com/broadway-cast-staff/sue-anschutz-109379,https://flerlageapps.com/Women-Conductors/P0004.jpg,Photo by Deborah Abramson,
208,S0135,Maybe Happy Ending,Running,Original,11/12/2024,,439,,P0001,Abramson,Deborah,,Music Supervisor,,,,https://www.deborahabramson.com/,https://www.ibdb.com/broadway-cast-staff/deborah-abramson-454280,https://flerlageapps.com/Women-Conductors/P0001.jpg,,
209,S0136,Me and My Girl,Closed,Original,8/10/1986,12/31/1989,1420,,P0003,Anderson,Sue,,Assistant Conductor,,,,,https://www.ibdb.com/broadway-cast-staff/sue-anderson-87305,https://flerlageapps.com/Women-Conductors/P0003.jpg,,
210,S0136,Me and My Girl,Closed,Original,8/10/1986,12/31/1989,1420,,P0021,Campbell,Sande,1937-2024,Associate Conductor,,,,,https://www.ibdb.com/broadway-cast-staff/sande-campbell-84933,https://flerlageapps.com/Women-Conductors/P0021.jpg,,
211,S0136,Me and My Girl,Closed,Original,8/10/1986,12/31/1989,1420,,P0100,Will,Ethyl,,Assistant Conductor,1/1/1989,,,,https://www.ibdb.com/broadway-cast-staff/ethyl-will-71588,https://flerlageapps.com/Women-Conductors/P0100.jpg,,Ethyl Will has been conducting the Radio City Christmas Spectacular since 2010. She was the first (and so far the only) woman to conduct the Radio City orchestra.
212,S0137,Mean Girls,Closed,Original,4/8/2018,3/11/2020,804,,P0017,Bruce,Rebekah,,Substitute Conductor,,,,,https://www.ibdb.com/broadway-cast-staff/rebekah-bruce-parker-524338,https://flerlageapps.com/Women-Conductors/P0017.jpg,,
213,S0137,Mean Girls,Closed,Original,4/8/2018,3/11/2020,804,,P0020,Campbell,Mary-Mitchell,,Music Director / Conductor,,,,https://www.marymitchellcampbell.com/,https://www.ibdb.com/broadway-cast-staff/mary-mitchell-campbell-423557,https://flerlageapps.com/Women-Conductors/P0020.jpg,,
214,S0137,Mean Girls,Closed,Original,4/8/2018,3/11/2020,804,,P0032,Doran,Elizabeth,,Associate Conductor,1/1/2018,,,,https://www.ibdb.com/broadway-cast-staff/elizabeth-doran-520447,https://flerlageapps.com/Women-Conductors/P0032.jpg,,
215,S0137,Mean Girls,Closed,Original,4/8/2018,3/11/2020,804,,P0103,Zervoulis Bate,Meg,,Associate Conductor,,,,https://www.megzmusic.com/,https://www.ibdb.com/broadway-cast-staff/meg-zervoulis-518150,https://flerlageapps.com/Women-Conductors/P0103.jpg,Photo by Priyanca Rao,
216,S0138,Merrily We Roll Along,Closed,Revival,10/10/2023,7/7/2024,312,,P0055,Jayes,Catherine,,Music Supervisor,,,,,https://www.ibdb.com/broadway-cast-staff/catherine-jayes-502993,https://flerlageapps.com/Women-Conductors/P0055.jpg,,
217,S0139,Miss Saigon,Closed,Original,4/11/1991,1/28/2001,4092,,P0052,Hurwitz,Deborah N.,,Assistant Conductor,1/1/1997,,,https://hurwitzmusic.com/,https://www.ibdb.com/broadway-cast-staff/deborah-hurwitz-392481,https://flerlageapps.com/Women-Conductors/P0052.jpg,,Synth Programmer for all of Jersey Boys worldwide
218,S0140,MJ,Running,Original,2/1/2022,,1598,,P0095,Victory,Annastasia,,Substitute Conductor,,,,https://www.annastasiavictory.com/,https://www.ibdb.com/broadway-cast-staff/annastasia-victory-532731,https://flerlageapps.com/Women-Conductors/P0095.jpg,,
219,S0141,Mother Earth,Closed,Original,10/19/1972,10/28/1972,12,,P0021,Campbell,Sande,1937-2024,Music Director,,,,,https://www.ibdb.com/broadway-cast-staff/sande-campbell-84933,https://flerlageapps.com/Women-Conductors/P0021.jpg,,
220,S0142,Moulin Rouge! The Musical,Running,Original,7/25/2019,,1985,,P0022,Cardona,Jane,,Substitute Conductor,1/1/2021,,,,https://www.ibdb.com/broadway-cast-staff/jane-cardona-518820,https://flerlageapps.com/Women-Conductors/P0022.jpg,,
221,S0142,Moulin Rouge! The Musical,Running,Original,7/25/2019,,1985,,P0062,Ling,Lily,,Music Director / Conductor,4/1/2023,6/30/2023,,,https://www.ibdb.com/broadway-cast-staff/lily-ling-517858,https://flerlageapps.com/Women-Conductors/P0062.jpg,Photo by Alejandro Ibarra,
222,S0142,Moulin Rouge! The Musical,Running,Original,7/25/2019,,1985,,P0066,McBride,Julie,,Music Director / Conductor,9/1/2021,,,,https://www.ibdb.com/broadway-cast-staff/julie-mcbride-501316,https://flerlageapps.com/Women-Conductors/P0066.jpg,,
223,S0142,Moulin Rouge! The Musical,Running,Original,7/25/2019,,1985,,P0078,Scolpini,Anessa Marie,,Substitute Conductor,1/1/2023,12/31/2024,,https://www.anessamarie.com/,https://www.ibdb.com/broadway-cast-staff/anessa-marie-scolpini-542352,https://flerlageapps.com/Women-Conductors/P0078.jpg,,
224,S0143,Mrs. Doubtfire,Closed,Original,4/19/2022,5/29/2022,48,,P0005,Atkins,Ilana M.,,Associate Conductor,,,,https://www.ilanaatkins.com/,https://www.ibdb.com/broadway-cast-staff/ilana-m-atkins-524981,https://flerlageapps.com/Women-Conductors/P0005.jpg,,
225,S0144,My Favorite Year,Closed,Original,12/10/1992,1/10/1993,36,,P0075,Rosenberg,Jan,1953-2010,Associate Conductor,,,,,https://www.ibdb.com/broadway-cast-staff/jan-rosenberg-72997,https://flerlageapps.com/Women-Conductors/P0075.jpg,,
226,S0145,My Love Letter to Broadway,Closed,Original,11/2/2016,11/13/2016,12,,P0020,Campbell,Mary-Mitchell,,Music Director / Conductor,,,,https://www.marymitchellcampbell.com/,https://www.ibdb.com/broadway-cast-staff/mary-mitchell-campbell-423557,https://flerlageapps.com/Women-Conductors/P0020.jpg,,
227,S0146,Nash at Nine,Closed,Original,5/17/1973,6/2/1973,21,,P0048,Gustafson,Karen,,Music Director,,,,,https://www.ibdb.com/broadway-cast-staff/karen-gustafson-90439,https://flerlageapps.com/Women-Conductors/P0048.jpg,Karen Gustafson (left) and Dorothea Freitag (right),"Broadway's first female pit pianist (The Vamp, 1955)"
228,S0147,"Natasha, Pierre & the Great Comet of 1812",Closed,Original,11/14/2016,9/3/2017,336,,P0103,Zervoulis Bate,Meg,,Assistant Conductor,1/1/2017,,,https://www.megzmusic.com/,https://www.ibdb.com/broadway-cast-staff/meg-zervoulis-518150,https://flerlageapps.com/Women-Conductors/P0103.jpg,Photo by Priyanca Rao,
229,S0148,Oklahoma,Closed,Revival,3/21/2002,2/23/2003,388,,P0036,duChateau,Annbritt,,Assistant Conductor,1/1/2003,2/23/2003,,https://www.annbrittduchateau.com/,https://www.ibdb.com/broadway-cast-staff/annbritt-duchateau-112939,https://flerlageapps.com/Women-Conductors/P0036.jpg,,
230,S0149,Once on This Island,Closed,Revival,12/3/2017,1/6/2019,457,,P0095,Victory,Annastasia,,Substitute Conductor,,,,https://www.annastasiavictory.com/,https://www.ibdb.com/broadway-cast-staff/annastasia-victory-532731,https://flerlageapps.com/Women-Conductors/P0095.jpg,,
231,S0150,Once Upon a Mattress,Closed,Revival,8/12/2024,11/30/2024,128,,P0020,Campbell,Mary-Mitchell,,Music Supervisor,,,,https://www.marymitchellcampbell.com/,https://www.ibdb.com/broadway-cast-staff/mary-mitchell-campbell-423557,https://flerlageapps.com/Women-Conductors/P0020.jpg,,
232,S0150,Once Upon a Mattress,Closed,Revival,8/12/2024,11/30/2024,128,,P0036,duChateau,Annbritt,,Music Director / Conductor,8/12/2024,11/30/2024,,https://www.annbrittduchateau.com/,https://www.ibdb.com/broadway-cast-staff/annbritt-duchateau-112939,https://flerlageapps.com/Women-Conductors/P0036.jpg,,
233,S0150,Once Upon a Mattress,Closed,Revival,8/12/2024,11/30/2024,128,,P0099,Wicks,Charity,,Associate Music Director / Associate Conductor,,,,,https://www.ibdb.com/broadway-cast-staff/charity-wicks-505937,https://flerlageapps.com/Women-Conductors/P0099.jpg,,
234,S0151,Once Upon a One More Time,Closed,Original,6/22/2023,9/3/2023,83,,P0038,Ebbesen,Anna,,Associate Conductor,,,,https://annaebbesen.com/,https://www.ibdb.com/broadway-cast-staff/anna-ebbesen-532984,https://flerlageapps.com/Women-Conductors/P0038.jpg,,
235,S0152,Only Fools Are Sad,Closed,Original,11/22/1971,3/26/1972,144,,P0049,Hakohen,Hanna,,Music Director,,,,,https://www.ibdb.com/broadway-cast-staff/hanna-hakohen-104205,https://flerlageapps.com/Women-Conductors/P0049.jpg,,
236,S0153,Operation Mincemeat,Running,Original,3/20/2025,,293,,P0038,Ebbesen,Anna,,Substitute Conductor,4/1/2025,,,https://annaebbesen.com/,https://www.ibdb.com/broadway-cast-staff/anna-ebbesen-532984,https://flerlageapps.com/Women-Conductors/P0038.jpg,,
237,S0153,Operation Mincemeat,Running,Original,3/20/2025,,293,,P0069,Morton,Amanda,,Associate Conductor,4/1/2025,,,,https://www.ibdb.com/broadway-cast-staff/amanda-morton-525182,https://flerlageapps.com/Women-Conductors/P0069.jpg,,
238,S0154,Pal Joey,Closed,Revival,12/18/2008,3/1/2009,85,,P0036,duChateau,Annbritt,,Associate Music Director / Associate Conductor,12/18/2008,3/1/2009,,https://www.annbrittduchateau.com/,https://www.ibdb.com/broadway-cast-staff/annbritt-duchateau-112939,https://flerlageapps.com/Women-Conductors/P0036.jpg,,
239,S0155,Passing Strange,Closed,Original,2/28/2008,7/20/2008,165,,P0073,Rodewald,Heidi,,Co-Music Supervisor,,,,,https://www.ibdb.com/broadway-cast-staff/heidi-rodewald-475093,https://flerlageapps.com/Women-Conductors/P0073.jpg,,
240,S0156,Perfectly Frank,Closed,Original,11/30/1980,12/13/1980,17,,P0079,Segovia,Yolanda,,Music Director / Conductor,,,,,https://www.ibdb.com/broadway-cast-staff/yolanda-segovia-77475,https://flerlageapps.com/Women-Conductors/P0079.jpg,,
241,S0157,Peter Pan,Closed,Revival,9/6/1979,1/4/1981,554,,P0016,Browne,Jean Marie,,Associate Conductor,,,,,https://www.ibdb.com/broadway-cast-staff/jean-marie-browne-110436,https://flerlageapps.com/Women-Conductors/P0016.jpg,,"In 1989 she founded Apple Music Copy Services which led her to purchase the domain name www.applemusic.com, which she sold to Steve Jobs in 2003 for the launch of Apple's iTunes Music Store"
242,S0158,Pippin,Closed,Original,10/23/1972,6/12/1977,1944,,P0021,Campbell,Sande,1937-2024,Associate Conductor,,,,,https://www.ibdb.com/broadway-cast-staff/sande-campbell-84933,https://flerlageapps.com/Women-Conductors/P0021.jpg,,
243,S0159,Pippin,Closed,Revival,4/25/2013,1/4/2015,709,,P0031,DiGiallonardo,Nadia,,Music Supervisor,,,,,https://www.ibdb.com/broadway-cast-staff/nadia-digiallonardo-483487,https://flerlageapps.com/Women-Conductors/P0031.jpg,,
244,S0160,Porgy and Bess,Closed,Revival,9/13/1943,10/2/1943,24,,P0056,Jessye,Eva,1895-1992,Music Director,,,,,https://www.ibdb.com/broadway-cast-staff/eva-jessye-94683,https://flerlageapps.com/Women-Conductors/P0056.jpg,,
245,S0161,Pretty Woman,Closed,Original,8/16/2018,8/18/2019,420,,P0025,Conn,Myrna,,Substitute Conductor,1/1/2019,,,,https://www.ibdb.com/broadway-cast-staff/myrna-conn-525068,https://flerlageapps.com/Women-Conductors/P0025.jpg,,
246,S0161,Pretty Woman,Closed,Original,8/16/2018,8/18/2019,420,,P0066,McBride,Julie,,Associate Conductor,,,,,https://www.ibdb.com/broadway-cast-staff/julie-mcbride-501316,https://flerlageapps.com/Women-Conductors/P0066.jpg,,
247,S0162,Purlie,Closed,Original,3/15/1970,11/6/1971,688,,P0015,Brown,Joyce,1920-2015,Conductor,,,Dr.,,https://www.ibdb.com/broadway-cast-staff/joyce-brown-79156,https://flerlageapps.com/Women-Conductors/P0015.jpg,,"Broadway's first Black female conductor (Golden Boy, replacement circa 1965)
Broadway's first Black female conductor to open a show (Purlie, 1970)"
248,S0163,Quilters,Closed,Original,9/25/1984,10/14/1984,24,"Also the composer, lyricist, director, co-book writer, and co-orchestrator.",P0028,Damashek,Barbara,,Co-Music Director,,,,,https://www.ibdb.com/broadway-cast-staff/barbara-damashek-4419,https://flerlageapps.com/Women-Conductors/P0028.jpg,,
249,S0164,Ragtime,Closed,Revival,11/15/2009,1/10/2010,65,,P0004,Anschutz,Sue,,Assistant Conductor,,,,,https://www.ibdb.com/broadway-cast-staff/sue-anschutz-109379,https://flerlageapps.com/Women-Conductors/P0004.jpg,Photo by Deborah Abramson,
250,S0165,Real Women Have Curves,Closed,Original,4/27/2025,6/29/2025,65,,P0026,Crosby,Alex,,Associate Conductor,,,,https://www.alexandracrosby.com/,https://www.ibdb.com/broadway-cast-staff/alex-crosby-537933,https://flerlageapps.com/Women-Conductors/P0026.jpg,,
251,S0165,Real Women Have Curves,Closed,Original,4/27/2025,6/29/2025,65,,P0031,DiGiallonardo,Nadia,,Music Supervisor,,,,,https://www.ibdb.com/broadway-cast-staff/nadia-digiallonardo-483487,https://flerlageapps.com/Women-Conductors/P0031.jpg,,
252,S0166,Redwood,Closed,Original,2/13/2025,5/18/2025,110,,P0008,Bennett,Haley,,Associate Music Supervisor,,,,,https://www.ibdb.com/broadway-cast-staff/haley-bennett-516909,https://flerlageapps.com/Women-Conductors/P0008.jpg,Photo by Gareth Keegan,
253,S0166,Redwood,Closed,Original,2/13/2025,5/18/2025,110,,P0066,McBride,Julie,,Music Director / Conductor,,,,,https://www.ibdb.com/broadway-cast-staff/julie-mcbride-501316,https://flerlageapps.com/Women-Conductors/P0066.jpg,,
254,S0167,Romance/Romance,Closed,Original,4/20/1988,1/15/1989,297,,P0043,Goetz,Sariva,,Substitute Conductor,,,,https://www.sarivagoetz.com/,https://www.ibdb.com/broadway-cast-staff/sariva-goetz-410640,https://flerlageapps.com/Women-Conductors/P0043.jpg,,
255,S0167,Romance/Romance,Closed,Original,4/20/1988,1/15/1989,297,,P0085,Sommer,Kathy,,Music Director / Conductor,,,,https://www.kathysommer.com/,https://www.ibdb.com/broadway-cast-staff/kathy-sommer-83563,https://flerlageapps.com/Women-Conductors/P0085.jpg,Photo by Abi Hodes,
256,S0168,"Shogun, The Musical",Closed,Original,11/20/1990,1/20/1991,72,,P0006,Aycock (Goldbaum),Janet,,Associate Conductor,,,,,https://www.ibdb.com/broadway-cast-staff/janet-aycock-82736,https://flerlageapps.com/Women-Conductors/P0006.jpg,,
257,S0169,Show Boat,Closed,Revival,10/2/1994,1/5/1997,947,,P0064,Matejka,Catherine,,Co-Associate Conductor,,,,,https://www.ibdb.com/broadway-cast-staff/catherine-matejka-107654,https://flerlageapps.com/Women-Conductors/P0064.jpg,,
258,S0169,Show Boat,Closed,Revival,10/2/1994,1/5/1997,947,,P0100,Will,Ethyl,,Assistant Conductor,,,,,https://www.ibdb.com/broadway-cast-staff/ethyl-will-71588,https://flerlageapps.com/Women-Conductors/P0100.jpg,,Ethyl Will has been conducting the Radio City Christmas Spectacular since 2010. She was the first (and so far the only) woman to conduct the Radio City orchestra.
259,S0170,Six,Running,Original,10/3/2021,,1722,,P0009,Benson,Madeline,,Substitute Conductor,1/1/2022,12/31/2023,,https://www.madeline-benson.com/,,https://flerlageapps.com/Women-Conductors/P0009.jpg,,The youngest woman to ever conduct on Broadway when she made her debut at Waitress.
260,S0170,Six,Running,Original,10/3/2021,,1722,,P0014,Brennan,Kerianne,,Substitute Conductor,2/1/2024,,,https://keriannebrennan.com/,,https://flerlageapps.com/Women-Conductors/P0014.jpg,,
261,S0170,Six,Running,Original,10/3/2021,,1722,,P0022,Cardona,Jane,,Substitute Conductor,1/1/2022,12/31/2022,,,https://www.ibdb.com/broadway-cast-staff/jane-cardona-518820,https://flerlageapps.com/Women-Conductors/P0022.jpg,,
262,S0170,Six,Running,Original,10/3/2021,,1722,,P0022,Cardona,Jane,,Substitute Conductor,12/1/2024,,,,https://www.ibdb.com/broadway-cast-staff/jane-cardona-518820,https://flerlageapps.com/Women-Conductors/P0022.jpg,,
263,S0170,Six,Running,Original,10/3/2021,,1722,,P0024,Coleman,Katie,,Substitute Conductor,1/1/2023,,,https://www.katiecolemanmusic.com/,https://www.ibdb.com/broadway-cast-staff/katie-coleman-536245,https://flerlageapps.com/Women-Conductors/P0024.jpg,,
264,S0170,Six,Running,Original,10/3/2021,,1722,,P0026,Crosby,Alex,,Substitute Conductor,1/1/2022,2/28/2025,,https://www.alexandracrosby.com/,https://www.ibdb.com/broadway-cast-staff/alex-crosby-537933,https://flerlageapps.com/Women-Conductors/P0026.jpg,,
265,S0170,Six,Running,Original,10/3/2021,,1722,,P0032,Doran,Elizabeth,,Associate Music Director / Substitute Conductor,1/1/2021,12/31/2022,,,https://www.ibdb.com/broadway-cast-staff/elizabeth-doran-520447,https://flerlageapps.com/Women-Conductors/P0032.jpg,,
266,S0170,Six,Running,Original,10/3/2021,,1722,,P0035,Duchak,Roberta,,Music Supervisor,,,,https://www.robertaduchak.net/,https://www.ibdb.com/broadway-cast-staff/roberta-duchak-109213,https://flerlageapps.com/Women-Conductors/P0035.jpg,,
267,S0170,Six,Running,Original,10/3/2021,,1722,,P0038,Ebbesen,Anna,,Substitute Conductor,1/1/2024,,,https://annaebbesen.com/,https://www.ibdb.com/broadway-cast-staff/anna-ebbesen-532984,https://flerlageapps.com/Women-Conductors/P0038.jpg,,
268,S0170,Six,Running,Original,10/3/2021,,1722,,P0040,Gatchell,Mary,,Substitute Conductor,1/1/2021,12/31/2022,,https://www.marygatchell.com/,,https://flerlageapps.com/Women-Conductors/P0040.jpg,,
269,S0170,Six,Running,Original,10/3/2021,,1722,,P0044,Golden,"Alex ""Goldie""",,Associate Music Director,3/1/2025,,,https://www.alexgoldiegolden.com/,https://www.ibdb.com/broadway-cast-staff/alex-goldie-golden-538294,https://flerlageapps.com/Women-Conductors/P0044.jpg,,
270,S0170,Six,Running,Original,10/3/2021,,1722,,P0053,Hutch,Dani Lee,,Substitute Conductor,3/1/2025,,,https://danileehutch.com/,https://www.ibdb.com/broadway-cast-staff/dani-lee-hutch-537268,https://flerlageapps.com/Women-Conductors/P0053.jpg,,
271,S0170,Six,Running,Original,10/3/2021,,1722,,P0065,Maze,Valerie,,Associate Music Director / Substitute Conductor,12/1/2023,,,https://valeriemaze.com/,https://www.ibdb.com/broadway-cast-staff/valerie-maze-536220,https://flerlageapps.com/Women-Conductors/P0065.jpg,,
272,S0170,Six,Running,Original,10/3/2021,,1722,,P0068,Moore,Jodie,,Substitute Conductor,1/1/2022,12/31/2022,,,https://www.ibdb.com/broadway-cast-staff/jodie-moore-483753,https://flerlageapps.com/Women-Conductors/P0068.jpg,,
273,S0170,Six,Running,Original,10/3/2021,,1722,,P0076,Rosso,Jessie,,Substitute Conductor,1/1/2022,,,https://www.jessierosso.com/,https://www.ibdb.com/broadway-cast-staff/jessie-rosso-535795,https://flerlageapps.com/Women-Conductors/P0076.jpg,,
274,S0170,Six,Running,Original,10/3/2021,,1722,,P0077,Schade,Julia,,Music Director / Conductor,,,,,https://www.ibdb.com/broadway-cast-staff/julia-schade-526725,https://flerlageapps.com/Women-Conductors/P0077.jpg,,
275,S0171,SMASH,Closed,Original,4/10/2025,6/22/2025,75,,P0099,Wicks,Charity,,Associate Conductor,,,,,https://www.ibdb.com/broadway-cast-staff/charity-wicks-505937,https://flerlageapps.com/Women-Conductors/P0099.jpg,,
276,S0172,Some Like It Hot,Closed,Original,12/11/2022,12/30/2023,441,,P0020,Campbell,Mary-Mitchell,,Music Supervisor,,,,https://www.marymitchellcampbell.com/,https://www.ibdb.com/broadway-cast-staff/mary-mitchell-campbell-423557,https://flerlageapps.com/Women-Conductors/P0020.jpg,,
277,S0172,Some Like It Hot,Closed,Original,12/11/2022,12/30/2023,441,,P0036,duChateau,Annbritt,,Associate Conductor,12/11/2022,6/10/2023,,https://www.annbrittduchateau.com/,https://www.ibdb.com/broadway-cast-staff/annbritt-duchateau-112939,https://flerlageapps.com/Women-Conductors/P0036.jpg,,
278,S0173,Sophie,Closed,Original,4/15/1963,4/20/1963,8,,P0071,Redfield,Liza,1924-2018,Music Director,,,,,https://www.ibdb.com/broadway-cast-staff/liza-redfield-83043,https://flerlageapps.com/Women-Conductors/P0071.jpg,,"Broadway's first full time female conductor (The Music Man, replacement 1960)"
279,S0174,Spamalot,Closed,Original,3/17/2005,1/11/2009,1575,,P0100,Will,Ethyl,,Associate Conductor,,,,,https://www.ibdb.com/broadway-cast-staff/ethyl-will-71588,https://flerlageapps.com/Women-Conductors/P0100.jpg,,Ethyl Will has been conducting the Radio City Christmas Spectacular since 2010. She was the first (and so far the only) woman to conduct the Radio City orchestra.
280,S0175,Spider-Man: Turn Off the Dark,Closed,Original,6/14/2011,1/4/2014,1066,,P0046,Grigsby,Kimberly,,Music Director / Conductor,,,,,https://www.ibdb.com/broadway-cast-staff/kimberly-grigsby-69861,https://flerlageapps.com/Women-Conductors/P0046.jpg,,
281,S0176,SpongeBob Square Pants,Closed,Original,12/4/2017,9/16/2018,327,,P0066,McBride,Julie,,Music Director / Conductor,,,,,https://www.ibdb.com/broadway-cast-staff/julie-mcbride-501316,https://flerlageapps.com/Women-Conductors/P0066.jpg,,
282,S0177,Spring Awakening,Closed,Original,12/10/2006,1/18/2009,859,,P0001,Abramson,Deborah,,Associate Music Director / Associate Conductor,,,,https://www.deborahabramson.com/,https://www.ibdb.com/broadway-cast-staff/deborah-abramson-454280,https://flerlageapps.com/Women-Conductors/P0001.jpg,,
283,S0177,Spring Awakening,Closed,Original,12/10/2006,1/18/2009,859,,P0046,Grigsby,Kimberly,,Music Supervisor,,,,,https://www.ibdb.com/broadway-cast-staff/kimberly-grigsby-69861,https://flerlageapps.com/Women-Conductors/P0046.jpg,,
284,S0177,Spring Awakening,Closed,Original,12/10/2006,1/18/2009,859,,P0046,Grigsby,Kimberly,,Music Director / Conductor,,,,,https://www.ibdb.com/broadway-cast-staff/kimberly-grigsby-69861,https://flerlageapps.com/Women-Conductors/P0046.jpg,,
285,S0177,Spring Awakening,Closed,Original,12/10/2006,1/18/2009,859,,P0068,Moore,Jodie,,Conductor,1/1/2008,,,,https://www.ibdb.com/broadway-cast-staff/jodie-moore-483753,https://flerlageapps.com/Women-Conductors/P0068.jpg,,
286,S0178,Starmites,Closed,Original,3/24/1989,6/18/1989,60,,P0002,Adams McDowell,Dianne,,Associate Music Director,,,,https://adamsandmcdowell.com/,https://www.ibdb.com/broadway-cast-staff/dianne-adams-mcdowell-495156,https://flerlageapps.com/Women-Conductors/P0002.jpg,,
287,S0179,State Fair,Closed,Original,3/27/1996,6/30/1996,110,,P0019,Cameron,Kay,,Music Director / Conductor,,,,,https://www.ibdb.com/broadway-cast-staff/kay-cameron-76660,,,
288,S0180,Stephen Sondheim's Old Friends,Closed,Original,4/8/2025,6/29/2025,87,,P0036,duChateau,Annbritt,,Music Director,4/8/2025,6/29/2025,,https://www.annbrittduchateau.com/,https://www.ibdb.com/broadway-cast-staff/annbritt-duchateau-112939,https://flerlageapps.com/Women-Conductors/P0036.jpg,,
289,S0181,Suffs,Closed,Original,4/18/2024,1/5/2025,301,,P0047,Grody,Andrea,,Music Supervisor,,,,https://www.andreagrody.com/,https://www.ibdb.com/broadway-cast-staff/andrea-grody-515120,https://flerlageapps.com/Women-Conductors/P0047.jpg,,
290,S0181,Suffs,Closed,Original,4/18/2024,1/5/2025,301,,P0047,Grody,Andrea,,Music Director / Conductor,,,,https://www.andreagrody.com/,https://www.ibdb.com/broadway-cast-staff/andrea-grody-515120,https://flerlageapps.com/Women-Conductors/P0047.jpg,,
291,S0181,Suffs,Closed,Original,4/18/2024,1/5/2025,301,,P0091,Thompson,Alyssa Kay,,Substitute Conductor,,,,https://www.alyssakthompson.com/,https://www.ibdb.com/broadway-cast-staff/alyssa-kay-thompson-535581,https://flerlageapps.com/Women-Conductors/P0091.jpg,,
292,S0181,Suffs,Closed,Original,4/18/2024,1/5/2025,301,,P0097,Whitaker,Emily,,Associate Music Director / Associate Conductor,,,,,https://www.ibdb.com/broadway-cast-staff/emily-whitaker-539216,https://flerlageapps.com/Women-Conductors/P0097.jpg,,
293,S0182,Summer: The Donna Summer Musical,Closed,Original,4/23/2018,12/20/2018,288,,P0007,Barsha,Debra,,Associate Conductor,,,,https://debrabarsha.com/,https://www.ibdb.com/broadway-cast-staff/debra-barsha-490933,https://flerlageapps.com/Women-Conductors/P0007.jpg,Photo by Joe Henson,
294,S0182,Summer: The Donna Summer Musical,Closed,Original,4/23/2018,12/20/2018,288,,P0090,Theodore,Victoria,,Music Director,,,,https://victoriatheodore.com/,https://www.ibdb.com/broadway-cast-staff/victoria-theodore-518359,https://flerlageapps.com/Women-Conductors/P0090.jpg,,
295,S0182,Summer: The Donna Summer Musical,Closed,Original,4/23/2018,12/20/2018,288,,P0091,Thompson,Alyssa Kay,,Alternate Conductor,,,,https://www.alyssakthompson.com/,https://www.ibdb.com/broadway-cast-staff/alyssa-kay-thompson-535581,https://flerlageapps.com/Women-Conductors/P0091.jpg,,
296,S0183,Sunday in the Park with George,Closed,Revival,2/21/2008,6/29/2008,149,,P0051,Humphris,Caroline,,Music Supervisor,,,,https://www.carolinehumphris.com/,https://www.ibdb.com/broadway-cast-staff/caroline-humphris-472079,https://flerlageapps.com/Women-Conductors/P0051.jpg,,
297,S0183,Sunday in the Park with George,Closed,Revival,2/21/2008,6/29/2008,149,,P0051,Humphris,Caroline,,Music Director / Conductor,,,,https://www.carolinehumphris.com/,https://www.ibdb.com/broadway-cast-staff/caroline-humphris-472079,https://flerlageapps.com/Women-Conductors/P0051.jpg,,
298,S0184,Sunset Boulevard,Closed,Original,11/17/1994,3/22/1997,977,,P0011,Blodgette,Kristen,,Associate Music Supervisor,,,,,https://www.ibdb.com/broadway-cast-staff/kristen-blodgette-95014,https://flerlageapps.com/Women-Conductors/P0011.jpg,,
299,S0185,Sunset Boulevard,Closed,Revival,2/9/2017,6/25/2017,138,,P0011,Blodgette,Kristen,,Music Supervisor,,,,,https://www.ibdb.com/broadway-cast-staff/kristen-blodgette-95014,https://flerlageapps.com/Women-Conductors/P0011.jpg,,
300,S0185,Sunset Boulevard,Closed,Revival,2/9/2017,6/25/2017,138,,P0011,Blodgette,Kristen,,Music Director / Conductor,,,,,https://www.ibdb.com/broadway-cast-staff/kristen-blodgette-95014,https://flerlageapps.com/Women-Conductors/P0011.jpg,,
301,S0186,Sweeney Todd,Closed,Revival,8/5/1989,2/25/1990,188,,P0011,Blodgette,Kristen,,Music Director / Conductor,8/1/2023,,,,https://www.ibdb.com/broadway-cast-staff/kristen-blodgette-95014,https://flerlageapps.com/Women-Conductors/P0011.jpg,,
302,S0187,Sweeney Todd,Closed,Revival,10/3/2005,9/3/2006,329,Also won the Tony for Best Orchestrations for this show,P0020,Campbell,Mary-Mitchell,,Music Supervisor,1/1/2006,,,https://www.marymitchellcampbell.com/,https://www.ibdb.com/broadway-cast-staff/mary-mitchell-campbell-423557,https://flerlageapps.com/Women-Conductors/P0020.jpg,,
303,S0187,Sweeney Todd,Closed,Revival,10/3/2005,9/3/2006,329,Also won the Tony for Best Orchestrations for this show,P0093,Travis,Sarah,,Music Supervisor,,,,,https://www.ibdb.com/broadway-cast-staff/sarah-travis-400380,https://flerlageapps.com/Women-Conductors/P0093.jpg,,
304,S0188,Sweeney Todd,Closed,Revival,3/26/2023,5/5/2024,406,,P0075,Rosenberg,Jan,1953-2010,Assistant Music Director,,,,,https://www.ibdb.com/broadway-cast-staff/jan-rosenberg-72997,https://flerlageapps.com/Women-Conductors/P0075.jpg,,
305,S0189,Tammy Faye,Closed,Original,11/14/2024,12/8/2024,29,,P0068,Moore,Jodie,,Associate Music Director / Associate Conductor,,,,,https://www.ibdb.com/broadway-cast-staff/jodie-moore-483753,https://flerlageapps.com/Women-Conductors/P0068.jpg,,
306,S0190,The 25th Annual Putnam County Spelling Bee,Closed,Original,5/2/2005,1/20/2008,1136,,P0029,Dean,Carmel,,Associate Conductor,,,,https://carmeldean.com/,https://www.ibdb.com/broadway-cast-staff/carmel-dean-394061,https://flerlageapps.com/Women-Conductors/P0029.jpg,,
307,S0191,The Addams Family,Closed,Original,4/8/2010,12/31/2011,722,,P0020,Campbell,Mary-Mitchell,,Music Director / Conductor,,,,https://www.marymitchellcampbell.com/,https://www.ibdb.com/broadway-cast-staff/mary-mitchell-campbell-423557,https://flerlageapps.com/Women-Conductors/P0020.jpg,,
308,S0192,The Band's Visit,Closed,Original,11/9/2017,4/7/2019,588,,P0047,Grody,Andrea,,Co-Music Supervisor,,,,https://www.andreagrody.com/,https://www.ibdb.com/broadway-cast-staff/andrea-grody-515120,https://flerlageapps.com/Women-Conductors/P0047.jpg,,
309,S0192,The Band's Visit,Closed,Original,11/9/2017,4/7/2019,588,,P0047,Grody,Andrea,,Music Director / Conductor,,,,https://www.andreagrody.com/,https://www.ibdb.com/broadway-cast-staff/andrea-grody-515120,https://flerlageapps.com/Women-Conductors/P0047.jpg,,
310,S0193,The Boys From Syracuse,Closed,Revival,8/18/2002,10/20/2002,73,,P0100,Will,Ethyl,,Associate Conductor,,,,,https://www.ibdb.com/broadway-cast-staff/ethyl-will-71588,https://flerlageapps.com/Women-Conductors/P0100.jpg,,Ethyl Will has been conducting the Radio City Christmas Spectacular since 2010. She was the first (and so far the only) woman to conduct the Radio City orchestra.
311,S0194,The Color Purple,Closed,Original,12/1/2005,2/24/2008,910,,P0055,Jayes,Catherine,,Music Supervisor,,,,,https://www.ibdb.com/broadway-cast-staff/catherine-jayes-502993,https://flerlageapps.com/Women-Conductors/P0055.jpg,,
312,S0195,The Color Purple,Closed,Revival,12/10/2015,1/8/2017,450,,P0094,Twine,Linda,,Music Director / Conductor,,,,,https://www.ibdb.com/broadway-cast-staff/linda-twine-76696,https://flerlageapps.com/Women-Conductors/P0094.jpg,,
313,S0196,The Fifth Season,Closed,Original,10/12/1975,1/25/1976,122,,P0084,Solomon,Renee,,Music Director / Conductor,,,,,https://www.ibdb.com/broadway-cast-staff/renee-solomon-102716,,,
314,S0197,The Frogs,Closed,Original,7/22/2004,10/10/2004,92,,P0036,duChateau,Annbritt,,Associate Music Director / Associate Conductor,7/22/2004,10/10/2004,,https://www.annbrittduchateau.com/,https://www.ibdb.com/broadway-cast-staff/annbritt-duchateau-112939,https://flerlageapps.com/Women-Conductors/P0036.jpg,,
315,S0198,The Full Monty,Closed,Original,10/26/2000,9/1/2002,770,,P0046,Grigsby,Kimberly,,Music Director / Conductor,,,,,https://www.ibdb.com/broadway-cast-staff/kimberly-grigsby-69861,https://flerlageapps.com/Women-Conductors/P0046.jpg,,
316,S0199,The Gay Life,Closed,Original,11/18/1961,2/24/1962,113,,P0048,Gustafson,Karen,,Associate Conductor,,,,,https://www.ibdb.com/broadway-cast-staff/karen-gustafson-90439,https://flerlageapps.com/Women-Conductors/P0048.jpg,Karen Gustafson (left) and Dorothea Freitag (right),"Broadway's first female pit pianist (The Vamp, 1955)"
317,S0200,The Gershwins' Fascinating Rhythm,Closed,Original,4/25/1999,5/9/1999,17,,P0058,Westphal,Cynthia Kortman,,Music Supervisor,,,,,https://www.ibdb.com/broadway-cast-staff/cynthia-kortman-westphal-493768,https://flerlageapps.com/Women-Conductors/P0058.jpg,,
318,S0200,The Gershwins' Fascinating Rhythm,Closed,Original,4/25/1999,5/9/1999,17,,P0058,Westphal,Cynthia Kortman,,Music Director / Conductor,,,,,https://www.ibdb.com/broadway-cast-staff/cynthia-kortman-westphal-493768,https://flerlageapps.com/Women-Conductors/P0058.jpg,,
319,S0201,The Goodbye Girl,Closed,Original,3/4/1993,8/15/1993,188,,P0061,Liebergall,Fran,,Assistant Conductor,,,,,https://www.ibdb.com/broadway-cast-staff/fran-liebergall-89480,https://flerlageapps.com/Women-Conductors/P0061.jpg,,Worked as Marvin Hamlisch's assistant for many years
320,S0202,The Hills of California,Closed,Other,9/29/2024,12/22/2024,97,Play with Music,P0017,Bruce,Rebekah,,Associate Music Supervisor,,,,,https://www.ibdb.com/broadway-cast-staff/rebekah-bruce-parker-524338,https://flerlageapps.com/Women-Conductors/P0017.jpg,,
321,S0202,The Hills of California,Closed,Other,9/29/2024,12/22/2024,97,Play with Music,P0018,Caldicot,Candida,,Music Supervisor,,,,,https://www.ibdb.com/broadway-cast-staff/candida-caldicot-524015,https://flerlageapps.com/Women-Conductors/P0018.jpg,,
322,S0203,The Human Comedy,Closed,Original,4/5/1984,4/15/1984,13,,P0059,León,Tania,,Conductor,,,,,https://www.ibdb.com/broadway-cast-staff/tania-len-82188,https://flerlageapps.com/Women-Conductors/P0059.jpg,,
323,S0204,The King and I,Closed,Revival,4/11/1996,2/22/1998,780,,P0074,Rosen,Cherie,,Associate Conductor,,,,,https://www.ibdb.com/broadway-cast-staff/cherie-rosen-82812,https://flerlageapps.com/Women-Conductors/P0074.jpg,,
324,S0204,The King and I,Closed,Revival,4/11/1996,2/22/1998,780,,P0074,Rosen,Cherie,,Conductor,1/1/1997,,,,https://www.ibdb.com/broadway-cast-staff/cherie-rosen-82812,https://flerlageapps.com/Women-Conductors/P0074.jpg,,
325,S0205,The Life,Closed,Original,4/26/1997,6/7/1998,466,,P0074,Rosen,Cherie,,Associate Conductor,1/1/1998,,,,https://www.ibdb.com/broadway-cast-staff/cherie-rosen-82812,https://flerlageapps.com/Women-Conductors/P0074.jpg,,
326,S0206,The Light in the Piazza,Closed,Original,4/18/2005,7/2/2006,504,,P0046,Grigsby,Kimberly,,Conductor,1/1/2005,,,,https://www.ibdb.com/broadway-cast-staff/kimberly-grigsby-69861,https://flerlageapps.com/Women-Conductors/P0046.jpg,,
327,S0207,The Lion King,Running,Original,11/13/1997,,11057,,P0054,Jamieson,Angela,,Assistant Conductor,1/1/2015,12/31/2020,,,https://www.ibdb.com/broadway-cast-staff/angela-jamieson-536483,https://flerlageapps.com/Women-Conductors/P0054.jpg,,
328,S0207,The Lion King,Running,Original,11/13/1997,,11057,,P0074,Rosen,Cherie,,Associate Conductor,1/1/2005,1/14/2024,,,https://www.ibdb.com/broadway-cast-staff/cherie-rosen-82812,https://flerlageapps.com/Women-Conductors/P0074.jpg,,
329,S0207,The Lion King,Running,Original,11/13/1997,,11057,,P0074,Rosen,Cherie,,Music Director / Conductor,1/15/2024,,,,https://www.ibdb.com/broadway-cast-staff/cherie-rosen-82812,https://flerlageapps.com/Women-Conductors/P0074.jpg,,
330,S0207,The Lion King,Running,Original,11/13/1997,,11057,,P0058,Westphal,Cynthia Kortman,,Assistant Conductor,1/1/1998,,,,https://www.ibdb.com/broadway-cast-staff/cynthia-kortman-westphal-493768,https://flerlageapps.com/Women-Conductors/P0058.jpg,,
331,S0207,The Lion King,Running,Original,11/13/1997,,11057,,P0058,Westphal,Cynthia Kortman,,Associate Music Director,1/1/1999,,,,https://www.ibdb.com/broadway-cast-staff/cynthia-kortman-westphal-493768,https://flerlageapps.com/Women-Conductors/P0058.jpg,,
332,S0208,The Look of Love,Closed,Original,5/4/2003,6/15/2003,49,,P0004,Anschutz,Sue,,Associate Conductor,,,,,https://www.ibdb.com/broadway-cast-staff/sue-anschutz-109379,https://flerlageapps.com/Women-Conductors/P0004.jpg,Photo by Deborah Abramson,
333,S0209,The Music Man,Closed,Original,12/19/1957,4/15/1961,1375,,P0071,Redfield,Liza,1924-2018,Music Director / Conductor,7/4/1960,,,,https://www.ibdb.com/broadway-cast-staff/liza-redfield-83043,https://flerlageapps.com/Women-Conductors/P0071.jpg,,"Broadway's first full time female conductor (The Music Man, replacement 1960)"
334,S0210,The Nance,Closed,Other,4/15/2013,8/11/2013,136,Play with Music,P0100,Will,Ethyl,,Alternate Conductor,,,,,https://www.ibdb.com/broadway-cast-staff/ethyl-will-71588,https://flerlageapps.com/Women-Conductors/P0100.jpg,,Ethyl Will has been conducting the Radio City Christmas Spectacular since 2010. She was the first (and so far the only) woman to conduct the Radio City orchestra.
335,S0211,The Notebook,Closed,Original,3/14/2024,12/15/2024,317,,P0029,Dean,Carmel,,Music Supervisor,,,,https://carmeldean.com/,https://www.ibdb.com/broadway-cast-staff/carmel-dean-394061,https://flerlageapps.com/Women-Conductors/P0029.jpg,,
336,S0211,The Notebook,Closed,Original,3/14/2024,12/15/2024,317,,P0044,Golden,"Alex ""Goldie""",,Associate Conductor,,,,https://www.alexgoldiegolden.com/,https://www.ibdb.com/broadway-cast-staff/alex-goldie-golden-538294,https://flerlageapps.com/Women-Conductors/P0044.jpg,,
337,S0211,The Notebook,Closed,Original,3/14/2024,12/15/2024,317,,P0068,Moore,Jodie,,Substitute Conductor,,,,,https://www.ibdb.com/broadway-cast-staff/jodie-moore-483753,https://flerlageapps.com/Women-Conductors/P0068.jpg,,
338,S0212,The Outsiders,Running,Original,4/11/2024,,682,,P0067,Meng,Cynthia,,Alternate Conductor,,,,https://www.cynthiameng.com/,https://www.ibdb.com/broadway-cast-staff/cynthia-meng-527175,https://flerlageapps.com/Women-Conductors/P0067.jpg,,
339,S0212,The Outsiders,Running,Original,4/11/2024,,682,,P0102,Yohe,Andrea,,Substitute Conductor,9/1/2024,,,,,https://flerlageapps.com/Women-Conductors/P0102.jpg,,
340,S0213,The Pajama Game,Closed,Revival,12/9/1973,2/3/1974,65,,P0015,Brown,Joyce,1920-2015,Music Director,,,Dr.,,https://www.ibdb.com/broadway-cast-staff/joyce-brown-79156,https://flerlageapps.com/Women-Conductors/P0015.jpg,,"Broadway's first Black female conductor (Golden Boy, replacement circa 1965)
Broadway's first Black female conductor to open a show (Purlie, 1970)"
341,S0214,The Phantom of the Opera,Closed,Original,1/26/1988,4/26/2023,13981,,P0011,Blodgette,Kristen,,Associate Music Supervisor,,,,,https://www.ibdb.com/broadway-cast-staff/kristen-blodgette-95014,https://flerlageapps.com/Women-Conductors/P0011.jpg,,
342,S0214,The Phantom of the Opera,Closed,Original,1/26/1988,4/26/2023,13981,,P0011,Blodgette,Kristen,,Associate Conductor,1/1/1989,,,,https://www.ibdb.com/broadway-cast-staff/kristen-blodgette-95014,https://flerlageapps.com/Women-Conductors/P0011.jpg,,
343,S0214,The Phantom of the Opera,Closed,Original,1/26/1988,4/26/2023,13981,,P0011,Blodgette,Kristen,,Music Director / Conductor,,,,,https://www.ibdb.com/broadway-cast-staff/kristen-blodgette-95014,https://flerlageapps.com/Women-Conductors/P0011.jpg,,
344,S0215,The Pirates of Penzance,Closed,Revival,1/8/1981,11/28/1982,787,,P0003,Anderson,Sue,,Associate Conductor,,,,,https://www.ibdb.com/broadway-cast-staff/sue-anderson-87305,https://flerlageapps.com/Women-Conductors/P0003.jpg,,
345,S0216,The Prom,Closed,Original,11/15/2018,8/11/2019,309,,P0020,Campbell,Mary-Mitchell,,Music Supervisor,,,,https://www.marymitchellcampbell.com/,https://www.ibdb.com/broadway-cast-staff/mary-mitchell-campbell-423557,https://flerlageapps.com/Women-Conductors/P0020.jpg,,
346,S0216,The Prom,Closed,Original,11/15/2018,8/11/2019,309,,P0103,Zervoulis Bate,Meg,,Music Director / Conductor,,,,https://www.megzmusic.com/,https://www.ibdb.com/broadway-cast-staff/meg-zervoulis-518150,https://flerlageapps.com/Women-Conductors/P0103.jpg,Photo by Priyanca Rao,
347,S0217,The Rothschilds,Closed,Original,10/19/1970,1/1/1972,507,,P0021,Campbell,Sande,1937-2024,Assistant Conductor,,,,,https://www.ibdb.com/broadway-cast-staff/sande-campbell-84933,https://flerlageapps.com/Women-Conductors/P0021.jpg,,
348,S0218,The Scarlet Pimpernel,Closed,Original,11/9/1997,1/2/2000,772,,P0013,Cavett,Wendy Bobbitt,,Associate Music Director / Associate Conductor,,,,,https://www.ibdb.com/broadway-cast-staff/wendy-bobbitt-cavett-112867,https://flerlageapps.com/Women-Conductors/P0013.jpg,,
349,S0219,The Secret Garden,Closed,Original,4/24/1991,1/3/1993,709,,P0089,Tesori,Jeanine,,Associate Conductor,,,,,https://www.ibdb.com/broadway-cast-staff/jeanine-tesori-12488,https://flerlageapps.com/Women-Conductors/P0089.jpg,,
350,S0220,The Story of My Life,Closed,Original,2/19/2009,2/22/2009,5,,P0004,Anschutz,Sue,,Associate Conductor,,,,,https://www.ibdb.com/broadway-cast-staff/sue-anschutz-109379,https://flerlageapps.com/Women-Conductors/P0004.jpg,Photo by Deborah Abramson,
351,S0221,The Who's Tommy,Closed,Original,4/22/1993,6/17/1995,899,,P0075,Rosenberg,Jan,1953-2010,Associate Conductor,1/1/1994,,,,https://www.ibdb.com/broadway-cast-staff/jan-rosenberg-72997,https://flerlageapps.com/Women-Conductors/P0075.jpg,,
352,S0221,The Who's Tommy,Closed,Original,4/22/1993,6/17/1995,899,,P0089,Tesori,Jeanine,,Associate Conductor,1/1/1994,,,,https://www.ibdb.com/broadway-cast-staff/jeanine-tesori-12488,https://flerlageapps.com/Women-Conductors/P0089.jpg,,
353,S0222,The Who's Tommy,Closed,Revival,3/28/2024,7/21/2024,132,,P0069,Morton,Amanda,,Assistant Conductor,,,,,https://www.ibdb.com/broadway-cast-staff/amanda-morton-525182,https://flerlageapps.com/Women-Conductors/P0069.jpg,,
354,S0223,The Wild Party (LaChiusa),Closed,Original,3/10/2000,6/11/2000,68,,P0094,Twine,Linda,,Associate Conductor,,,,,https://www.ibdb.com/broadway-cast-staff/linda-twine-76696,https://flerlageapps.com/Women-Conductors/P0094.jpg,,
355,S0224,The Wiz,Closed,Original,1/5/1975,1/28/1979,1672,,P0094,Twine,Linda,,Assistant Conductor,1/1/1975,,,,https://www.ibdb.com/broadway-cast-staff/linda-twine-76696,https://flerlageapps.com/Women-Conductors/P0094.jpg,,
356,S0225,The Woman in White,Closed,Original,11/17/2005,2/19/2006,109,,P0011,Blodgette,Kristen,,Associate Music Supervisor,,,,,https://www.ibdb.com/broadway-cast-staff/kristen-blodgette-95014,https://flerlageapps.com/Women-Conductors/P0011.jpg,,
357,S0225,The Woman in White,Closed,Original,11/17/2005,2/19/2006,109,,P0011,Blodgette,Kristen,,Music Director / Conductor,,,,,https://www.ibdb.com/broadway-cast-staff/kristen-blodgette-95014,https://flerlageapps.com/Women-Conductors/P0011.jpg,,
358,S0226,They're Playing Our Song,Closed,Original,2/11/1979,9/6/1981,1082,,P0061,Liebergall,Fran,,Associate Conductor,,,,,https://www.ibdb.com/broadway-cast-staff/fran-liebergall-89480,https://flerlageapps.com/Women-Conductors/P0061.jpg,,Worked as Marvin Hamlisch's assistant for many years
359,S0226,They're Playing Our Song,Closed,Original,2/11/1979,9/6/1981,1082,,P0061,Liebergall,Fran,,Music Supervisor,,,,,https://www.ibdb.com/broadway-cast-staff/fran-liebergall-89480,https://flerlageapps.com/Women-Conductors/P0061.jpg,,Worked as Marvin Hamlisch's assistant for many years
360,S0226,They're Playing Our Song,Closed,Original,2/11/1979,9/6/1981,1082,,P0079,Segovia,Yolanda,,Assistant Conductor,,,,,https://www.ibdb.com/broadway-cast-staff/yolanda-segovia-77475,https://flerlageapps.com/Women-Conductors/P0079.jpg,,
361,S0227,Tina: The Tina Turner Musical,Closed,Original,11/7/2019,8/14/2022,482,,P0068,Moore,Jodie,,Substitute Conductor,1/1/2022,,,,https://www.ibdb.com/broadway-cast-staff/jodie-moore-483753,https://flerlageapps.com/Women-Conductors/P0068.jpg,,
362,S0227,Tina: The Tina Turner Musical,Closed,Original,11/7/2019,8/14/2022,482,,P0095,Victory,Annastasia,,Substitute Conductor,,,,https://www.annastasiavictory.com/,https://www.ibdb.com/broadway-cast-staff/annastasia-victory-532731,https://flerlageapps.com/Women-Conductors/P0095.jpg,,
363,S0228,Titanic,Closed,Original,4/23/1997,3/21/1999,804,,P0045,Goldrich,Zina,,Assistant Conductor,1/1/1998,,,https://www.zinagoldrich.com/,https://www.ibdb.com/broadway-cast-staff/zina-goldrich-453983,https://flerlageapps.com/Women-Conductors/P0045.jpg,,
364,S0229,To Kill a Mockingbird,Closed,Other,12/13/2018,1/16/2022,626,Play with Music,P0046,Grigsby,Kimberly,,Music Director / Conductor,,,,,https://www.ibdb.com/broadway-cast-staff/kimberly-grigsby-69861,https://flerlageapps.com/Women-Conductors/P0046.jpg,,
365,S0230,Tootsie,Closed,Original,4/23/2019,1/5/2020,293,,P0047,Grody,Andrea,,Co-Music Supervisor,,,,https://www.andreagrody.com/,https://www.ibdb.com/broadway-cast-staff/andrea-grody-515120,https://flerlageapps.com/Women-Conductors/P0047.jpg,,
366,S0230,Tootsie,Closed,Original,4/23/2019,1/5/2020,293,,P0047,Grody,Andrea,,Music Director / Conductor,,,,https://www.andreagrody.com/,https://www.ibdb.com/broadway-cast-staff/andrea-grody-515120,https://flerlageapps.com/Women-Conductors/P0047.jpg,,
367,S0231,Tuck Everlasting,Closed,Original,4/26/2016,5/29/2016,39,,P0020,Campbell,Mary-Mitchell,,Co-Music Supervisor,,,,https://www.marymitchellcampbell.com/,https://www.ibdb.com/broadway-cast-staff/mary-mitchell-campbell-423557,https://flerlageapps.com/Women-Conductors/P0020.jpg,,
368,S0231,Tuck Everlasting,Closed,Original,4/26/2016,5/29/2016,39,,P0020,Campbell,Mary-Mitchell,,Music Director / Conductor,,,,https://www.marymitchellcampbell.com/,https://www.ibdb.com/broadway-cast-staff/mary-mitchell-campbell-423557,https://flerlageapps.com/Women-Conductors/P0020.jpg,,
369,S0232,Twelfth Night,Closed,Original,7/16/1998,8/30/1998,53,,P0046,Grigsby,Kimberly,,Music Director / Conductor,,,,,https://www.ibdb.com/broadway-cast-staff/kimberly-grigsby-69861,https://flerlageapps.com/Women-Conductors/P0046.jpg,,
370,S0233,Victor/Victoria,Closed,Original,10/25/1995,7/27/1997,734,,P0100,Will,Ethyl,,Associate Conductor,,,,,https://www.ibdb.com/broadway-cast-staff/ethyl-will-71588,https://flerlageapps.com/Women-Conductors/P0100.jpg,,Ethyl Will has been conducting the Radio City Christmas Spectacular since 2010. She was the first (and so far the only) woman to conduct the Radio City orchestra.
371,S0234,Waitress,Closed,Original,4/24/2016,1/5/2020,1544,,P0009,Benson,Madeline,,Substitute Conductor,,,,https://www.madeline-benson.com/,,https://flerlageapps.com/Women-Conductors/P0009.jpg,,The youngest woman to ever conduct on Broadway when she made her debut at Waitress.
372,S0234,Waitress,Closed,Original,4/24/2016,1/5/2020,1544,,P0031,DiGiallonardo,Nadia,,Music Supervisor / Conductor,,,,,https://www.ibdb.com/broadway-cast-staff/nadia-digiallonardo-483487,https://flerlageapps.com/Women-Conductors/P0031.jpg,,
373,S0234,Waitress,Closed,Original,4/24/2016,1/5/2020,1544,,P0040,Gatchell,Mary,,Substitute Conductor,12/1/2018,12/31/2019,,https://www.marygatchell.com/,,https://flerlageapps.com/Women-Conductors/P0040.jpg,,
374,S0234,Waitress,Closed,Original,4/24/2016,1/5/2020,1544,,P0068,Moore,Jodie,,Substitute Conductor,1/1/2016,,,,https://www.ibdb.com/broadway-cast-staff/jodie-moore-483753,https://flerlageapps.com/Women-Conductors/P0068.jpg,,
375,S0235,Waitress,Closed,Other,9/2/2021,12/20/2021,122,Re-opening after pandemic,P0031,DiGiallonardo,Nadia,,Music Supervisor / Conductor,9/1/2021,12/1/2021,,,https://www.ibdb.com/broadway-cast-staff/nadia-digiallonardo-483487,https://flerlageapps.com/Women-Conductors/P0031.jpg,,
376,S0235,Waitress,Closed,Other,9/2/2021,12/20/2021,122,Re-opening after pandemic,P0040,Gatchell,Mary,,Substitute Conductor,9/1/2021,12/31/2021,,https://www.marygatchell.com/,,https://flerlageapps.com/Women-Conductors/P0040.jpg,,
377,S0236,Water for Elephants,Closed,Original,3/21/2024,12/8/2024,301,,P0020,Campbell,Mary-Mitchell,,Co-Music Supervisor,,,,https://www.marymitchellcampbell.com/,https://www.ibdb.com/broadway-cast-staff/mary-mitchell-campbell-423557,https://flerlageapps.com/Women-Conductors/P0020.jpg,,
378,S0236,Water for Elephants,Closed,Original,3/21/2024,12/8/2024,301,,P0032,Doran,Elizabeth,,Music Director / Conductor,,,,,https://www.ibdb.com/broadway-cast-staff/elizabeth-doran-520447,https://flerlageapps.com/Women-Conductors/P0032.jpg,,
379,S0237,West Side Story,Closed,Revival,3/19/2009,1/2/2011,748,,P0092,Torre,Maggie,,Associate Conductor,,,,,https://www.ibdb.com/broadway-cast-staff/maggie-torre-105364,,,
380,S0238,West Side Story,Closed,Revival,2/20/2020,3/11/2020,24,,P0103,Zervoulis Bate,Meg,,Associate Conductor,,,,https://www.megzmusic.com/,https://www.ibdb.com/broadway-cast-staff/meg-zervoulis-518150,https://flerlageapps.com/Women-Conductors/P0103.jpg,Photo by Priyanca Rao,
381,S0239,Wildcat,Closed,Original,12/16/1960,6/3/1961,171,,P0048,Gustafson,Karen,,Substitute Conductor,1/1/1961,12/31/1961,,,https://www.ibdb.com/broadway-cast-staff/karen-gustafson-90439,https://flerlageapps.com/Women-Conductors/P0048.jpg,Karen Gustafson (left) and Dorothea Freitag (right),"Broadway's first female pit pianist (The Vamp, 1955)"
382,S0240,Wonderful Town,Closed,Revival,11/23/2003,1/30/2005,497,,P0004,Anschutz,Sue,,Associate Conductor,1/1/2004,,,,https://www.ibdb.com/broadway-cast-staff/sue-anschutz-109379,https://flerlageapps.com/Women-Conductors/P0004.jpg,Photo by Deborah Abramson,
383,S0240,Wonderful Town,Closed,Revival,11/23/2003,1/30/2005,497,,P0087,Stifelman,Leslie,,Associate Conductor,11/23/2003,1/1/2004,,https://www.lesliestifelman.com/,https://www.ibdb.com/broadway-cast-staff/leslie-stifelman-391275,https://flerlageapps.com/Women-Conductors/P0087.jpg,,
384,S0241,"You're a Good Man, Charlie Brown",Closed,Revival,2/4/1999,6/13/1999,149,,P0046,Grigsby,Kimberly,,Music Director / Conductor,,,,,https://www.ibdb.com/broadway-cast-staff/kimberly-grigsby-69861,https://flerlageapps.com/Women-Conductors/P0046.jpg,,
385,S0241,"You're a Good Man, Charlie Brown",Closed,Revival,2/4/1999,6/13/1999,149,,P0080,Shankel,Lynne,,Associate Conductor,,,,https://www.lynneshankel.com/,https://www.ibdb.com/broadway-cast-staff/lynne-shankel-390754,https://flerlageapps.com/Women-Conductors/P0080.jpg,,